seed,model_variant,threshold_min,group,n_clinical_R1,n_geo_realizations,n_unique_origins,fnr,C,J,J_ind,E,D,joint_event_count,constrained_event_count
42,none,30.0,0,10,1000,987,0.1,0.148,0.016,0.0148,0.0011999999999999997,0.009516558812333473,16,148
42,none,30.0,1,32,3200,3056,0.25,0.140625,0.0340625,0.03515625,-0.0010937499999999975,-0.009050505050505031,109,450
42,none,30.0,ALL,42,4200,3949,0.21428571428571427,0.14238095238095239,0.02976190476190476,0.03051020408163265,-0.0007482993197278909,-0.006128145084763392,125,598
42,none,45.0,0,10,1000,987,0.1,0.061,0.009,0.0061,0.002899999999999999,0.05062937551284065,9,61
42,none,45.0,1,32,3200,3056,0.25,0.0475,0.01,0.011875,-0.001875,-0.0414421881475342,32,152
42,none,45.0,ALL,42,4200,3949,0.21428571428571427,0.05071428571428571,0.009761904761904762,0.010867346938775509,-0.001105442176870747,-0.02296195028207873,41,213
42,none,60.0,0,10,1000,987,0.1,0.02,0.001,0.002,-0.001,-0.05102040816326531,1,20
42,none,60.0,1,32,3200,3056,0.25,0.0225,0.005,0.005625,-0.0006249999999999997,-0.028417163967036085,16,72
42,none,60.0,ALL,42,4200,3949,0.21428571428571427,0.021904761904761906,0.004047619047619047,0.004693877551020408,-0.0006462585034013608,-0.030163837263452037,17,92
42,none,90.0,0,10,1000,987,0.1,0.003,0.0,0.00030000000000000003,-0.00030000000000000003,-0.10030090270812438,0,3
42,none,90.0,1,32,3200,3056,0.25,0.0034375,0.0009375,0.000859375,7.812499999999996e-05,0.02280566720830124,3,11
42,none,90.0,ALL,42,4200,3949,0.21428571428571427,0.0033333333333333335,0.0007142857142857143,0.0007142857142857143,0.0,0.0,3,14
42,reweighing,30.0,0,10,1000,987,0.0,0.148,0.0,0.0,0.0,0.0,0,148
42,reweighing,30.0,1,32,3200,3056,0.34375,0.140625,0.0478125,0.04833984375,-0.0005273437499999992,-0.004363636363636347,153,450
42,reweighing,30.0,ALL,42,4200,3949,0.2619047619047619,0.14238095238095239,0.03642857142857143,0.037290249433106576,-0.0008616780045351477,-0.007056651915788137,153,598
42,reweighing,45.0,0,10,1000,987,0.0,0.061,0.0,0.0,0.0,0.0,0,61
42,reweighing,45.0,1,32,3200,3056,0.34375,0.0475,0.0146875,0.016328125,-0.0016406249999999997,-0.036261914629092395,47,152
42,reweighing,45.0,ALL,42,4200,3949,0.2619047619047619,0.05071428571428571,0.01119047619047619,0.013282312925170068,-0.0020918367346938783,-0.04345107514916438,47,213
42,reweighing,60.0,0,10,1000,987,0.0,0.02,0.0,0.0,0.0,0.0,0,20
42,reweighing,60.0,1,32,3200,3056,0.34375,0.0225,0.0071875,0.007734375,-0.0005468749999999996,-0.02486501847115663,23,72
42,reweighing,60.0,ALL,42,4200,3949,0.2619047619047619,0.021904761904761906,0.0054761904761904765,0.005736961451247166,-0.0002607709750566895,-0.01217137293086662,23,92
42,reweighing,90.0,0,10,1000,987,0.0,0.003,0.0,0.0,0.0,0.0,0,3
42,reweighing,90.0,1,32,3200,3056,0.34375,0.0034375,0.0009375,0.001181640625,-0.000244140625,-0.07126771002594146,3,11
42,reweighing,90.0,ALL,42,4200,3949,0.2619047619047619,0.0033333333333333335,0.0007142857142857143,0.0008730158730158731,-0.00015873015873015884,-0.047778308647873885,3,14
42,post_processing,30.0,0,10,1000,987,0.0,0.148,0.0,0.0,0.0,0.0,0,148
42,post_processing,30.0,1,32,3200,3056,0.46875,0.140625,0.06375,0.06591796875,-0.002167968749999999,-0.017939393939393977,204,450
42,post_processing,30.0,ALL,42,4200,3949,0.35714285714285715,0.14238095238095239,0.04857142857142857,0.050850340136054425,-0.0022789115646258545,-0.01866298730359761,204,598
42,post_processing,45.0,0,10,1000,987,0.0,0.061,0.0,0.0,0.0,0.0,0,61
42,post_processing,45.0,1,32,3200,3056,0.46875,0.0475,0.02,0.022265625,-0.0022656250000000003,-0.050075977344937184,64,152
42,post_processing,45.0,ALL,42,4200,3949,0.35714285714285715,0.05071428571428571,0.015238095238095238,0.018112244897959182,-0.002874149659863944,-0.05970107073340469,64,213
42,post_processing,60.0,0,10,1000,987,0.0,0.02,0.0,0.0,0.0,0.0,0,20
42,post_processing,60.0,1,32,3200,3056,0.46875,0.0225,0.010625,0.010546874999999999,7.81250000000018e-05,0.0035521454958795107,34,72
42,post_processing,60.0,ALL,42,4200,3949,0.35714285714285715,0.021904761904761906,0.008095238095238095,0.007823129251700681,0.0002721088435374136,0.012700563058295533,34,92
42,post_processing,90.0,0,10,1000,987,0.0,0.003,0.0,0.0,0.0,0.0,0,3
42,post_processing,90.0,1,32,3200,3056,0.46875,0.0034375,0.00125,0.001611328125,-0.0003613281249999999,-0.10547621083839331,4,11
42,post_processing,90.0,ALL,42,4200,3949,0.35714285714285715,0.0033333333333333335,0.0009523809523809524,0.0011904761904761906,-0.0002380952380952382,-0.07166746297181081,4,14
43,none,30.0,0,9,900,889,0.3333333333333333,0.1622222222222222,0.051111111111111114,0.054074074074074066,-0.002962962962962952,-0.021801533374514015,46,146
43,none,30.0,1,33,3300,3134,0.30303030303030304,0.14636363636363636,0.04454545454545455,0.04435261707988981,0.0001928374655647408,0.001543424241021163,147,483
43,none,30.0,ALL,42,4200,3927,0.30952380952380953,0.14976190476190476,0.04595238095238095,0.046354875283446714,-0.0004024943310657614,-0.003160951651241084,193,629
43,none,45.0,0,9,900,889,0.3333333333333333,0.058888888888888886,0.016666666666666666,0.01962962962962963,-0.0029629629629629624,-0.05346283219353548,15,53
43,none,45.0,1,33,3300,3134,0.30303030303030304,0.04515151515151515,0.011515151515151515,0.013682277318640955,-0.0021671258034894406,-0.0502663477451496,38,149
43,none,45.0,ALL,42,4200,3927,0.30952380952380953,0.048095238095238094,0.012619047619047618,0.014886621315192744,-0.002267573696145126,-0.04952971535272588,53,202
43,none,60.0,0,9,900,889,0.3333333333333333,0.022222222222222223,0.006666666666666667,0.007407407407407408,-0.0007407407407407406,-0.034090909090909116,6,20
43,none,60.0,1,33,3300,3134,0.30303030303030304,0.02,0.005757575757575757,0.006060606060606061,-0.00030303030303030325,-0.015460729746444024,19,66
43,none,60.0,ALL,42,4200,3927,0.30952380952380953,0.020476190476190478,0.005952380952380952,0.006337868480725624,-0.00038548752834467216,-0.01921968095329618,25,86
43,none,90.0,0,9,900,889,0.3333333333333333,0.0011111111111111111,0.0011111111111111111,0.00037037037037037035,0.0007407407407407408,0.6674082313681868,1,1
43,none,90.0,1,33,3300,3134,0.30303030303030304,0.0027272727272727275,0.0009090909090909091,0.0008264462809917356,8.264462809917346e-05,0.030385900941962918,3,9
43,none,90.0,ALL,42,4200,3927,0.30952380952380953,0.002380952380952381,0.0009523809523809524,0.0007369614512471657,0.0002154195011337867,0.09069212410501193,4,10
43,reweighing,30.0,0,9,900,889,0.3333333333333333,0.1622222222222222,0.051111111111111114,0.054074074074074066,-0.002962962962962952,-0.021801533374514015,46,146
43,reweighing,30.0,1,33,3300,3134,0.30303030303030304,0.14636363636363636,0.04454545454545455,0.04435261707988981,0.0001928374655647408,0.001543424241021163,147,483
43,reweighing,30.0,ALL,42,4200,3927,0.30952380952380953,0.14976190476190476,0.04595238095238095,0.046354875283446714,-0.0004024943310657614,-0.003160951651241084,193,629
43,reweighing,45.0,0,9,900,889,0.3333333333333333,0.058888888888888886,0.016666666666666666,0.01962962962962963,-0.0029629629629629624,-0.05346283219353548,15,53
43,reweighing,45.0,1,33,3300,3134,0.30303030303030304,0.04515151515151515,0.011515151515151515,0.013682277318640955,-0.0021671258034894406,-0.0502663477451496,38,149
43,reweighing,45.0,ALL,42,4200,3927,0.30952380952380953,0.048095238095238094,0.012619047619047618,0.014886621315192744,-0.002267573696145126,-0.04952971535272588,53,202
43,reweighing,60.0,0,9,900,889,0.3333333333333333,0.022222222222222223,0.006666666666666667,0.007407407407407408,-0.0007407407407407406,-0.034090909090909116,6,20
43,reweighing,60.0,1,33,3300,3134,0.30303030303030304,0.02,0.005757575757575757,0.006060606060606061,-0.00030303030303030325,-0.015460729746444024,19,66
43,reweighing,60.0,ALL,42,4200,3927,0.30952380952380953,0.020476190476190478,0.005952380952380952,0.006337868480725624,-0.00038548752834467216,-0.01921968095329618,25,86
43,reweighing,90.0,0,9,900,889,0.3333333333333333,0.0011111111111111111,0.0011111111111111111,0.00037037037037037035,0.0007407407407407408,0.6674082313681868,1,1
43,reweighing,90.0,1,33,3300,3134,0.30303030303030304,0.0027272727272727275,0.0009090909090909091,0.0008264462809917356,8.264462809917346e-05,0.030385900941962918,3,9
43,reweighing,90.0,ALL,42,4200,3927,0.30952380952380953,0.002380952380952381,0.0009523809523809524,0.0007369614512471657,0.0002154195011337867,0.09069212410501193,4,10
43,post_processing,30.0,0,9,900,889,0.3333333333333333,0.1622222222222222,0.051111111111111114,0.054074074074074066,-0.002962962962962952,-0.021801533374514015,46,146
43,post_processing,30.0,1,33,3300,3134,0.30303030303030304,0.14636363636363636,0.04454545454545455,0.04435261707988981,0.0001928374655647408,0.001543424241021163,147,483
43,post_processing,30.0,ALL,42,4200,3927,0.30952380952380953,0.14976190476190476,0.04595238095238095,0.046354875283446714,-0.0004024943310657614,-0.003160951651241084,193,629
43,post_processing,45.0,0,9,900,889,0.3333333333333333,0.058888888888888886,0.016666666666666666,0.01962962962962963,-0.0029629629629629624,-0.05346283219353548,15,53
43,post_processing,45.0,1,33,3300,3134,0.30303030303030304,0.04515151515151515,0.011515151515151515,0.013682277318640955,-0.0021671258034894406,-0.0502663477451496,38,149
43,post_processing,45.0,ALL,42,4200,3927,0.30952380952380953,0.048095238095238094,0.012619047619047618,0.014886621315192744,-0.002267573696145126,-0.04952971535272588,53,202
43,post_processing,60.0,0,9,900,889,0.3333333333333333,0.022222222222222223,0.006666666666666667,0.007407407407407408,-0.0007407407407407406,-0.034090909090909116,6,20
43,post_processing,60.0,1,33,3300,3134,0.30303030303030304,0.02,0.005757575757575757,0.006060606060606061,-0.00030303030303030325,-0.015460729746444024,19,66
43,post_processing,60.0,ALL,42,4200,3927,0.30952380952380953,0.020476190476190478,0.005952380952380952,0.006337868480725624,-0.00038548752834467216,-0.01921968095329618,25,86
43,post_processing,90.0,0,9,900,889,0.3333333333333333,0.0011111111111111111,0.0011111111111111111,0.00037037037037037035,0.0007407407407407408,0.6674082313681868,1,1
43,post_processing,90.0,1,33,3300,3134,0.30303030303030304,0.0027272727272727275,0.0009090909090909091,0.0008264462809917356,8.264462809917346e-05,0.030385900941962918,3,9
43,post_processing,90.0,ALL,42,4200,3927,0.30952380952380953,0.002380952380952381,0.0009523809523809524,0.0007369614512471657,0.0002154195011337867,0.09069212410501193,4,10
44,none,30.0,0,10,1000,987,0.6,0.152,0.097,0.09119999999999999,0.0058000000000000135,0.04499751737835156,97,152
44,none,30.0,1,32,3200,3043,0.1875,0.1459375,0.0253125,0.02736328125,-0.002050781249999998,-0.01645366999109152,81,467
44,none,30.0,ALL,42,4200,3947,0.2857142857142857,0.1473809523809524,0.04238095238095238,0.04210884353741497,0.0002721088435374136,0.0021654405611378214,178,619
44,none,45.0,0,10,1000,987,0.6,0.064,0.046,0.0384,0.007600000000000003,0.1268696581196581,46,64
44,none,45.0,1,32,3200,3043,0.1875,0.050625,0.009375,0.0094921875,-0.00011718750000000097,-0.0024382512861775563,30,162
44,none,45.0,ALL,42,4200,3947,0.2857142857142857,0.05380952380952381,0.018095238095238095,0.015374149659863945,0.00272108843537415,0.05344473591619869,76,226
44,none,60.0,0,10,1000,987,0.6,0.028,0.022,0.0168,0.0052,0.1910640799529688,22,28
44,none,60.0,1,32,3200,3043,0.1875,0.023125,0.0028125,0.0043359374999999995,-0.0015234374999999996,-0.06743787933807127,9,74
44,none,60.0,ALL,42,4200,3947,0.2857142857142857,0.024285714285714285,0.007380952380952381,0.0069387755102040816,0.0004421768707482997,0.01866046565038898,31,102
44,none,90.0,0,10,1000,987,0.6,0.004,0.003,0.0024,0.0006000000000000003,0.1506024096385542,3,4
44,none,90.0,1,32,3200,3043,0.1875,0.0028125,0.0003125,0.00052734375,-0.00021484375000000003,-0.07660433859117657,1,9
44,none,90.0,ALL,42,4200,3947,0.2857142857142857,0.0030952380952380953,0.0009523809523809524,0.0008843537414965987,6.802721088435373e-05,0.022046260403079165,4,13
44,reweighing,30.0,0,10,1000,987,0.5,0.152,0.076,0.076,0.0,0.0,76,152
44,reweighing,30.0,1,32,3200,3043,0.21875,0.1459375,0.0315625,0.031923828125,-0.0003613281249999975,-0.00289897995081137,101,467
44,reweighing,30.0,ALL,42,4200,3947,0.2857142857142857,0.1473809523809524,0.04214285714285714,0.04210884353741497,3.4013605442174966e-05,0.000270680070142193,177,619
44,reweighing,45.0,0,10,1000,987,0.5,0.064,0.038,0.032,0.005999999999999998,0.10016025641025639,38,64
44,reweighing,45.0,1,32,3200,3043,0.21875,0.050625,0.0109375,0.01107421875,-0.00013671875000000056,-0.002844626500540487,35,162
44,reweighing,45.0,ALL,42,4200,3947,0.2857142857142857,0.05380952380952381,0.017380952380952382,0.015374149659863945,0.0020068027210884375,0.0394154927381965,73,226
44,reweighing,60.0,0,10,1000,987,0.5,0.028,0.02,0.014,0.006,0.22045855379188717,20,28
44,reweighing,60.0,1,32,3200,3043,0.21875,0.023125,0.00375,0.00505859375,-0.0013085937499999999,-0.057927409175009936,12,74
44,reweighing,60.0,ALL,42,4200,3947,0.2857142857142857,0.024285714285714285,0.007619047619047619,0.0069387755102040816,0.0006802721088435375,0.02870840869290614,32,102
44,reweighing,90.0,0,10,1000,987,0.5,0.004,0.003,0.002,0.001,0.25100401606425704,3,4
44,reweighing,90.0,1,32,3200,3043,0.21875,0.0028125,0.0003125,0.000615234375,-0.000302734375,-0.10794247710574881,1,9
44,reweighing,90.0,ALL,42,4200,3947,0.2857142857142857,0.0030952380952380953,0.0009523809523809524,0.0008843537414965987,6.802721088435373e-05,0.022046260403079165,4,13
44,post_processing,30.0,0,10,1000,987,0.2,0.152,0.028,0.0304,-0.0023999999999999994,-0.01861966236345583,28,152
44,post_processing,30.0,1,32,3200,3043,0.34375,0.1459375,0.055625,0.050166015625,0.005458984375000003,0.04379810250009597,178,467
44,post_processing,30.0,ALL,42,4200,3947,0.30952380952380953,0.1473809523809524,0.04904761904761905,0.04561791383219955,0.0034297052154195,0.02729357373934138,206,619
44,post_processing,45.0,0,10,1000,987,0.2,0.064,0.014,0.0128,0.0011999999999999997,0.020032051282051294,14,64
44,post_processing,45.0,1,32,3200,3043,0.34375,0.050625,0.018125,0.01740234375,0.0007226562499999985,0.015035882931428213,58,162
44,post_processing,45.0,ALL,42,4200,3947,0.30952380952380953,0.05380952380952381,0.017142857142857144,0.01665532879818594,0.00048752834467120226,0.009575515184985561,72,226
44,post_processing,60.0,0,10,1000,987,0.2,0.028,0.007,0.005600000000000001,0.0013999999999999993,0.051440329218106984,7,28
44,post_processing,60.0,1,32,3200,3043,0.34375,0.023125,0.00875,0.00794921875,0.0008007812500000003,0.03544811606231951,28,74
44,post_processing,60.0,ALL,42,4200,3947,0.30952380952380953,0.024285714285714285,0.008333333333333333,0.007517006802721089,0.0008163265306122443,0.03445009043148739,35,102
44,post_processing,90.0,0,10,1000,987,0.2,0.004,0.001,0.0008,0.00019999999999999998,0.05020080321285142,1,4
44,post_processing,90.0,1,32,3200,3043,0.34375,0.0028125,0.00125,0.000966796875,0.00028320312500000003,0.10097844632473274,4,9
44,post_processing,90.0,ALL,42,4200,3947,0.30952380952380953,0.0030952380952380953,0.0011904761904761906,0.0009580498866213153,0.00023242630385487528,0.07532472304385368,5,13
45,none,30.0,0,7,700,699,0.14285714285714285,0.13142857142857142,0.02,0.018775510204081632,0.0012244897959183682,0.010726544622425643,14,92
45,none,30.0,1,35,3500,3327,0.22857142857142856,0.15285714285714286,0.03485714285714286,0.03493877551020408,-8.16326530612213e-05,-0.0006304077161904675,122,535
45,none,30.0,ALL,42,4200,3958,0.21428571428571427,0.1492857142857143,0.03238095238095238,0.03198979591836735,0.00039115646258502945,0.003079984519729989,136,627
45,none,45.0,0,7,700,699,0.14285714285714285,0.05285714285714286,0.007142857142857143,0.007551020408163266,-0.000408163265306123,-0.0081529493294199,5,37
45,none,45.0,1,35,3500,3327,0.22857142857142856,0.05028571428571429,0.011428571428571429,0.011493877551020408,-6.530612244897913e-05,-0.001367465266382234,40,176
45,none,45.0,ALL,42,4200,3958,0.21428571428571427,0.05071428571428571,0.010714285714285714,0.010867346938775509,-0.00015306122448979428,-0.003179346962133983,45,213
45,none,60.0,0,7,700,699,0.14285714285714285,0.02,0.002857142857142857,0.002857142857142857,0.0,0.0,2,14
45,none,60.0,1,35,3500,3327,0.22857142857142856,0.022,0.006,0.005028571428571428,0.0009714285714285719,0.04514912490372611,21,77
45,none,60.0,ALL,42,4200,3958,0.21428571428571427,0.021666666666666667,0.0054761904761904765,0.004642857142857143,0.0008333333333333335,0.03931332721792688,23,91
45,none,90.0,0,7,700,699,0.14285714285714285,0.002857142857142857,0.0,0.0004081632653061224,-0.0004081632653061224,-0.14326647564469913,0,2
45,none,90.0,1,35,3500,3327,0.22857142857142856,0.002285714285714286,0.0008571428571428571,0.0005224489795918368,0.0003346938775510203,0.14676403207331043,3,8
45,none,90.0,ALL,42,4200,3958,0.21428571428571427,0.002380952380952381,0.0007142857142857143,0.0005102040816326531,0.00020408163265306118,0.08591885441527444,3,10
45,reweighing,30.0,0,7,700,699,0.0,0.13142857142857142,0.0,0.0,0.0,0.0,0,92
45,reweighing,30.0,1,35,3500,3327,0.22857142857142856,0.15285714285714286,0.03314285714285714,0.03493877551020408,-0.001795918367346938,-0.013868969756189814,116,535
45,reweighing,30.0,ALL,42,4200,3958,0.19047619047619047,0.1492857142857143,0.02761904761904762,0.028435374149659864,-0.0008163265306122443,-0.006427793780306029,116,627
45,reweighing,45.0,0,7,700,699,0.0,0.05285714285714286,0.0,0.0,0.0,0.0,0,37
45,reweighing,45.0,1,35,3500,3327,0.22857142857142856,0.05028571428571429,0.010857142857142857,0.011493877551020408,-0.0006367346938775508,-0.013332786347226788,38,176
45,reweighing,45.0,ALL,42,4200,3958,0.19047619047619047,0.05071428571428571,0.009047619047619047,0.00965986394557823,-0.0006122448979591823,-0.012717387848535905,38,213
45,reweighing,60.0,0,7,700,699,0.0,0.02,0.0,0.0,0.0,0.0,0,14
45,reweighing,60.0,1,35,3500,3327,0.22857142857142856,0.022,0.005714285714285714,0.005028571428571428,0.000685714285714286,0.031869970520277235,20,77
45,reweighing,60.0,ALL,42,4200,3958,0.19047619047619047,0.021666666666666667,0.004761904761904762,0.0041269841269841265,0.0006349206349206358,0.029953011213658565,20,91
45,reweighing,90.0,0,7,700,699,0.0,0.002857142857142857,0.0,0.0,0.0,0.0,0,2
45,reweighing,90.0,1,35,3500,3327,0.22857142857142856,0.002285714285714286,0.0008571428571428571,0.0005224489795918368,0.0003346938775510203,0.14676403207331043,3,8
45,reweighing,90.0,ALL,42,4200,3958,0.19047619047619047,0.002380952380952381,0.0007142857142857143,0.00045351473922902497,0.0002607709750566893,0.10978520286396179,3,10
45,post_processing,30.0,0,7,700,699,0.14285714285714285,0.13142857142857142,0.02,0.018775510204081632,0.0012244897959183682,0.010726544622425643,14,92
45,post_processing,30.0,1,35,3500,3327,0.22857142857142856,0.15285714285714286,0.03485714285714286,0.03493877551020408,-8.16326530612213e-05,-0.0006304077161904675,122,535
45,post_processing,30.0,ALL,42,4200,3958,0.21428571428571427,0.1492857142857143,0.03238095238095238,0.03198979591836735,0.00039115646258502945,0.003079984519729989,136,627
45,post_processing,45.0,0,7,700,699,0.14285714285714285,0.05285714285714286,0.007142857142857143,0.007551020408163266,-0.000408163265306123,-0.0081529493294199,5,37
45,post_processing,45.0,1,35,3500,3327,0.22857142857142856,0.05028571428571429,0.011428571428571429,0.011493877551020408,-6.530612244897913e-05,-0.001367465266382234,40,176
45,post_processing,45.0,ALL,42,4200,3958,0.21428571428571427,0.05071428571428571,0.010714285714285714,0.010867346938775509,-0.00015306122448979428,-0.003179346962133983,45,213
45,post_processing,60.0,0,7,700,699,0.14285714285714285,0.02,0.002857142857142857,0.002857142857142857,0.0,0.0,2,14
45,post_processing,60.0,1,35,3500,3327,0.22857142857142856,0.022,0.006,0.005028571428571428,0.0009714285714285719,0.04514912490372611,21,77
45,post_processing,60.0,ALL,42,4200,3958,0.21428571428571427,0.021666666666666667,0.0054761904761904765,0.004642857142857143,0.0008333333333333335,0.03931332721792688,23,91
45,post_processing,90.0,0,7,700,699,0.14285714285714285,0.002857142857142857,0.0,0.0004081632653061224,-0.0004081632653061224,-0.14326647564469913,0,2
45,post_processing,90.0,1,35,3500,3327,0.22857142857142856,0.002285714285714286,0.0008571428571428571,0.0005224489795918368,0.0003346938775510203,0.14676403207331043,3,8
45,post_processing,90.0,ALL,42,4200,3958,0.21428571428571427,0.002380952380952381,0.0007142857142857143,0.0005102040816326531,0.00020408163265306118,0.08591885441527444,3,10
46,none,30.0,0,9,900,887,0.3333333333333333,0.15555555555555556,0.052222222222222225,0.05185185185185185,0.00037037037037037507,0.002819548872180444,47,140
46,none,30.0,1,33,3300,3147,0.21212121212121213,0.15696969696969698,0.032424242424242425,0.03329660238751148,-0.0008723599632690579,-0.006592296311922485,107,518
46,none,30.0,ALL,42,4200,3950,0.23809523809523808,0.15666666666666668,0.03666666666666667,0.0373015873015873,-0.000634920634920634,-0.004805555221836427,154,658
46,none,45.0,0,9,900,887,0.3333333333333333,0.06222222222222222,0.023333333333333334,0.02074074074074074,0.0025925925925925943,0.04443127962085308,21,56
46,none,45.0,1,33,3300,3147,0.21212121212121213,0.05606060606060606,0.009393939393939394,0.011891643709825529,-0.002497704315886135,-0.047199687649125854,31,185
46,none,45.0,ALL,42,4200,3950,0.23809523809523808,0.05738095238095238,0.012380952380952381,0.013662131519274376,-0.0012811791383219948,-0.023686772823934943,52,241
46,none,60.0,0,9,900,887,0.3333333333333333,0.027777777777777776,0.01,0.009259259259259259,0.0007407407407407415,0.027428571428571413,9,25
46,none,60.0,1,33,3300,3147,0.21212121212121213,0.03090909090909091,0.005454545454545455,0.006556473829201102,-0.001101928374655647,-0.03678769819372402,18,102
46,none,60.0,ALL,42,4200,3950,0.23809523809523808,0.030238095238095238,0.0064285714285714285,0.00719954648526077,-0.0007709750566893417,-0.026291827688001063,27,127
46,none,90.0,0,9,900,887,0.3333333333333333,0.0077777777777777776,0.0022222222222222222,0.0025925925925925925,-0.0003703703703703703,-0.04799232122860342,2,7
46,none,90.0,1,33,3300,3147,0.21212121212121213,0.00787878787878788,0.0012121212121212121,0.0016712580348943987,-0.00045913682277318657,-0.05873784126685774,4,26
46,none,90.0,ALL,42,4200,3950,0.23809523809523808,0.007857142857142858,0.0014285714285714286,0.0018707482993197278,-0.00044217687074829927,-0.05672273490848004,6,33
46,reweighing,30.0,0,9,900,887,0.3333333333333333,0.15555555555555556,0.052222222222222225,0.05185185185185185,0.00037037037037037507,0.002819548872180444,47,140
46,reweighing,30.0,1,33,3300,3147,0.24242424242424243,0.15696969696969698,0.038181818181818185,0.038053259871441696,0.00012855831037648924,0.000971496298599106,126,518
46,reweighing,30.0,ALL,42,4200,3950,0.2619047619047619,0.15666666666666668,0.04119047619047619,0.04103174603174604,0.00015873015873014984,0.0012013888054591138,173,658
46,reweighing,45.0,0,9,900,887,0.3333333333333333,0.06222222222222222,0.023333333333333334,0.02074074074074074,0.0025925925925925943,0.04443127962085308,21,56
46,reweighing,45.0,1,33,3300,3147,0.24242424242424243,0.05606060606060606,0.011818181818181818,0.013590449954086318,-0.0017722681359045,-0.03349095483926942,39,185
46,reweighing,45.0,ALL,42,4200,3950,0.2619047619047619,0.05738095238095238,0.014285714285714285,0.015028344671201814,-0.0007426303854875284,-0.013729943539537492,60,241
46,reweighing,60.0,0,9,900,887,0.3333333333333333,0.027777777777777776,0.01,0.009259259259259259,0.0007407407407407415,0.027428571428571413,9,25
46,reweighing,60.0,1,33,3300,3147,0.24242424242424243,0.03090909090909091,0.006060606060606061,0.007493112947658403,-0.0014325068870523422,-0.04782400765184122,20,102
46,reweighing,60.0,ALL,42,4200,3950,0.2619047619047619,0.030238095238095238,0.006904761904761905,0.007919501133786849,-0.0010147392290249437,-0.034604684971707295,29,127
46,reweighing,90.0,0,9,900,887,0.3333333333333333,0.0077777777777777776,0.0022222222222222222,0.0025925925925925925,-0.0003703703703703703,-0.04799232122860342,2,7
46,reweighing,90.0,1,33,3300,3147,0.24242424242424243,0.00787878787878788,0.0015151515151515152,0.0019100091827364556,-0.00039485766758494043,-0.05051454348949766,5,26
46,reweighing,90.0,ALL,42,4200,3950,0.2619047619047619,0.007857142857142858,0.0016666666666666668,0.0020578231292517008,-0.000391156462585034,-0.05017780395750157,7,33
46,post_processing,30.0,0,9,900,887,0.2222222222222222,0.15555555555555556,0.03333333333333333,0.0345679012345679,-0.001234567901234565,-0.009398496240601517,30,140
46,post_processing,30.0,1,33,3300,3147,0.21212121212121213,0.15696969696969698,0.032424242424242425,0.03329660238751148,-0.0008723599632690579,-0.006592296311922485,107,518
46,post_processing,30.0,ALL,42,4200,3950,0.21428571428571427,0.15666666666666668,0.03261904761904762,0.03357142857142857,-0.0009523809523809545,-0.0072083328327546825,137,658
46,post_processing,45.0,0,9,900,887,0.2222222222222222,0.06222222222222222,0.013333333333333334,0.01382716049382716,-0.0004938271604938253,-0.0084631008801625,12,56
46,post_processing,45.0,1,33,3300,3147,0.21212121212121213,0.05606060606060606,0.009393939393939394,0.011891643709825529,-0.002497704315886135,-0.047199687649125854,31,185
46,post_processing,45.0,ALL,42,4200,3950,0.21428571428571427,0.05738095238095238,0.010238095238095239,0.012295918367346937,-0.002057823129251698,-0.038045568739329155,43,241
46,post_processing,60.0,0,9,900,887,0.2222222222222222,0.027777777777777776,0.005555555555555556,0.006172839506172839,-0.0006172839506172834,-0.022857142857142854,5,25
46,post_processing,60.0,1,33,3300,3147,0.21212121212121213,0.03090909090909091,0.005454545454545455,0.006556473829201102,-0.001101928374655647,-0.03678769819372402,18,102
46,post_processing,60.0,ALL,42,4200,3950,0.21428571428571427,0.030238095238095238,0.0054761904761904765,0.0064795918367346935,-0.001003401360544217,-0.03421804044688373,23,127
46,post_processing,90.0,0,9,900,887,0.2222222222222222,0.0077777777777777776,0.0011111111111111111,0.001728395061728395,-0.0006172839506172838,-0.07998720204767237,1,7
46,post_processing,90.0,1,33,3300,3147,0.21212121212121213,0.00787878787878788,0.0012121212121212121,0.0016712580348943987,-0.00045913682277318657,-0.05873784126685774,4,26
46,post_processing,90.0,ALL,42,4200,3950,0.21428571428571427,0.007857142857142858,0.0011904761904761906,0.0016836734693877551,-0.0004931972789115645,-0.0632676658594585,5,33
47,none,30.0,0,5,500,497,0.0,0.138,0.0,0.0,0.0,0.0,0,69
47,none,30.0,1,37,3700,3514,0.21621621621621623,0.14162162162162162,0.03135135135135135,0.030620891161431702,0.0007304601899196482,0.0060088065068164,116,524
47,none,30.0,ALL,42,4200,3962,0.19047619047619047,0.1411904761904762,0.02761904761904762,0.02689342403628118,0.0007256235827664409,0.005984241808250884,116,593
47,none,45.0,0,5,500,497,0.0,0.046,0.0,0.0,0.0,0.0,0,23
47,none,45.0,1,37,3700,3514,0.21621621621621623,0.054864864864864867,0.013243243243243243,0.011862673484295106,0.0013805697589481369,0.026623805626497604,49,203
47,none,45.0,ALL,42,4200,3962,0.19047619047619047,0.05380952380952381,0.011666666666666667,0.010249433106575962,0.001417233560090705,0.027835799956353463,49,226
47,none,60.0,0,5,500,497,0.0,0.016,0.0,0.0,0.0,0.0,0,8
47,none,60.0,1,37,3700,3514,0.21621621621621623,0.023783783783783784,0.006216216216216216,0.0051424397370343315,0.0010737764791818845,0.04624735729386892,23,88
47,none,60.0,ALL,42,4200,3962,0.19047619047619047,0.022857142857142857,0.0054761904761904765,0.004353741496598639,0.0011224489795918372,0.05025584795321639,23,96
47,none,90.0,0,5,500,497,0.0,0.008,0.0,0.0,0.0,0.0,0,4
47,none,90.0,1,37,3700,3514,0.21621621621621623,0.0035135135135135136,0.0008108108108108108,0.0007596785975164354,5.113221329437539e-05,0.014604327053472727,3,13
47,none,90.0,ALL,42,4200,3962,0.19047619047619047,0.004047619047619047,0.0007142857142857143,0.0007709750566893423,-5.668934240362798e-05,-0.014062521972690561,3,17
47,reweighing,30.0,0,5,500,497,0.0,0.138,0.0,0.0,0.0,0.0,0,69
47,reweighing,30.0,1,37,3700,3514,0.21621621621621623,0.14162162162162162,0.03135135135135135,0.030620891161431702,0.0007304601899196482,0.0060088065068164,116,524
47,reweighing,30.0,ALL,42,4200,3962,0.19047619047619047,0.1411904761904762,0.02761904761904762,0.02689342403628118,0.0007256235827664409,0.005984241808250884,116,593
47,reweighing,45.0,0,5,500,497,0.0,0.046,0.0,0.0,0.0,0.0,0,23
47,reweighing,45.0,1,37,3700,3514,0.21621621621621623,0.054864864864864867,0.013243243243243243,0.011862673484295106,0.0013805697589481369,0.026623805626497604,49,203
47,reweighing,45.0,ALL,42,4200,3962,0.19047619047619047,0.05380952380952381,0.011666666666666667,0.010249433106575962,0.001417233560090705,0.027835799956353463,49,226
47,reweighing,60.0,0,5,500,497,0.0,0.016,0.0,0.0,0.0,0.0,0,8
47,reweighing,60.0,1,37,3700,3514,0.21621621621621623,0.023783783783783784,0.006216216216216216,0.0051424397370343315,0.0010737764791818845,0.04624735729386892,23,88
47,reweighing,60.0,ALL,42,4200,3962,0.19047619047619047,0.022857142857142857,0.0054761904761904765,0.004353741496598639,0.0011224489795918372,0.05025584795321639,23,96
47,reweighing,90.0,0,5,500,497,0.0,0.008,0.0,0.0,0.0,0.0,0,4
47,reweighing,90.0,1,37,3700,3514,0.21621621621621623,0.0035135135135135136,0.0008108108108108108,0.0007596785975164354,5.113221329437539e-05,0.014604327053472727,3,13
47,reweighing,90.0,ALL,42,4200,3962,0.19047619047619047,0.004047619047619047,0.0007142857142857143,0.0007709750566893423,-5.668934240362798e-05,-0.014062521972690561,3,17
47,post_processing,30.0,0,5,500,497,0.0,0.138,0.0,0.0,0.0,0.0,0,69
47,post_processing,30.0,1,37,3700,3514,0.35135135135135137,0.14162162162162162,0.049189189189189186,0.049758948137326516,-0.0005697589481373291,-0.004686869075316735,182,524
47,post_processing,30.0,ALL,42,4200,3962,0.30952380952380953,0.1411904761904762,0.043333333333333335,0.04370181405895692,-0.0003684807256235864,-0.0030388727932523785,182,593
47,post_processing,45.0,0,5,500,497,0.0,0.046,0.0,0.0,0.0,0.0,0,23
47,post_processing,45.0,1,37,3700,3514,0.35135135135135137,0.054864864864864867,0.021621621621621623,0.01927684441197955,0.002344777209642074,0.045218209556115,80,203
47,post_processing,45.0,ALL,42,4200,3962,0.30952380952380953,0.05380952380952381,0.01904761904761905,0.01665532879818594,0.002392290249433108,0.04698683032632467,80,226
47,post_processing,60.0,0,5,500,497,0.0,0.016,0.0,0.0,0.0,0.0,0,8
47,post_processing,60.0,1,37,3700,3514,0.35135135135135137,0.023783783783783784,0.01,0.00835646457268079,0.001643535427319211,0.07078677136816675,37,88
47,post_processing,60.0,ALL,42,4200,3962,0.30952380952380953,0.022857142857142857,0.008809523809523809,0.007074829931972789,0.0017346938775510195,0.0776681286549708,37,96
47,post_processing,90.0,0,5,500,497,0.0,0.008,0.0,0.0,0.0,0.0,0,4
47,post_processing,90.0,1,37,3700,3514,0.35135135135135137,0.0035135135135135136,0.0018918918918918919,0.0012344777209642075,0.0006574141709276844,0.18776991925893471,7,13
47,post_processing,90.0,ALL,42,4200,3962,0.30952380952380953,0.004047619047619047,0.0016666666666666668,0.0012528344671201813,0.0004138321995464855,0.10265641040064122,7,17
48,none,30.0,0,8,800,790,0.25,0.1325,0.03,0.033125,-0.0031250000000000028,-0.027187211135881684,24,106
48,none,30.0,1,34,3400,3240,0.29411764705882354,0.14352941176470588,0.04147058823529412,0.04221453287197232,-0.0007439446366781996,-0.006051837506755531,141,488
48,none,30.0,ALL,42,4200,3954,0.2857142857142857,0.14142857142857143,0.039285714285714285,0.04040816326530612,-0.0011224489795918363,-0.009243852837862832,165,594
48,none,45.0,0,8,800,790,0.25,0.06125,0.01125,0.0153125,-0.0040625,-0.07065409386124624,9,49
48,none,45.0,1,34,3400,3240,0.29411764705882354,0.04823529411764706,0.010588235294117647,0.014186851211072665,-0.0035986159169550183,-0.0783864451747113,36,164
48,none,45.0,ALL,42,4200,3954,0.2857142857142857,0.05071428571428571,0.010714285714285714,0.014489795918367345,-0.003775510204081631,-0.07842389173263814,45,213
48,none,60.0,0,8,800,790,0.25,0.03125,0.005,0.0078125,-0.0028125,-0.09290322580645163,4,25
48,none,60.0,1,34,3400,3240,0.29411764705882354,0.01911764705882353,0.0035294117647058825,0.005622837370242215,-0.0020934256055363323,-0.11163648944758386,12,65
48,none,60.0,ALL,42,4200,3954,0.2857142857142857,0.02142857142857143,0.0038095238095238095,0.006122448979591836,-0.002312925170068027,-0.1103000811030008,16,90
48,none,90.0,0,8,800,790,0.25,0.00625,0.0,0.0015625,-0.0015625,-0.25157232704402516,0,5
48,none,90.0,1,34,3400,3240,0.29411764705882354,0.0029411764705882353,0.0008823529411764706,0.0008650519031141869,1.7301038062283742e-05,0.005899705014749235,3,10
48,none,90.0,ALL,42,4200,3954,0.2857142857142857,0.0035714285714285713,0.0007142857142857143,0.001020408163265306,-0.0003061224489795917,-0.08602150537634407,3,15
48,reweighing,30.0,0,8,800,790,0.0,0.1325,0.0,0.0,0.0,0.0,0,106
48,reweighing,30.0,1,34,3400,3240,0.3235294117647059,0.14352941176470588,0.04588235294117647,0.04643598615916955,-0.0005536332179930797,-0.004503693028283184,156,488
48,reweighing,30.0,ALL,42,4200,3954,0.2619047619047619,0.14142857142857143,0.037142857142857144,0.03704081632653061,0.00010204081632653184,0.0008403502579875655,156,594
48,reweighing,45.0,0,8,800,790,0.0,0.06125,0.0,0.0,0.0,0.0,0,49
48,reweighing,45.0,1,34,3400,3240,0.3235294117647059,0.04823529411764706,0.011764705882352941,0.01560553633217993,-0.00384083044982699,-0.08366245590762461,40,164
48,reweighing,45.0,ALL,42,4200,3954,0.2619047619047619,0.05071428571428571,0.009523809523809525,0.013282312925170068,-0.0037585034013605436,-0.07807063095906769,40,213
48,reweighing,60.0,0,8,800,790,0.0,0.03125,0.0,0.0,0.0,0.0,0,25
48,reweighing,60.0,1,34,3400,3240,0.3235294117647059,0.01911764705882353,0.00411764705882353,0.006185121107266437,-0.0020674740484429074,-0.11025256602467998,14,65
48,reweighing,60.0,ALL,42,4200,3954,0.2619047619047619,0.02142857142857143,0.0033333333333333335,0.005612244897959184,-0.0022789115646258506,-0.10867802108678021,14,90
48,reweighing,90.0,0,8,800,790,0.0,0.00625,0.0,0.0,0.0,0.0,0,5
48,reweighing,90.0,1,34,3400,3240,0.3235294117647059,0.0029411764705882353,0.0008823529411764706,0.0009515570934256056,-6.920415224913497e-05,-0.02359882005899705,3,10
48,reweighing,90.0,ALL,42,4200,3954,0.2619047619047619,0.0035714285714285713,0.0007142857142857143,0.0009353741496598639,-0.00022108843537414964,-0.062126642771804075,3,15
48,post_processing,30.0,0,8,800,790,0.0,0.1325,0.0,0.0,0.0,0.0,0,106
48,post_processing,30.0,1,34,3400,3240,0.4117647058823529,0.14352941176470588,0.058823529411764705,0.05910034602076124,-0.00027681660899653293,-0.0022518465141415644,200,488
48,post_processing,30.0,ALL,42,4200,3954,0.3333333333333333,0.14142857142857143,0.047619047619047616,0.04714285714285714,0.0004761904761904773,0.003921634537275176,200,594
48,post_processing,45.0,0,8,800,790,0.0,0.06125,0.0,0.0,0.0,0.0,0,49
48,post_processing,45.0,1,34,3400,3240,0.4117647058823529,0.04823529411764706,0.017058823529411765,0.019861591695501727,-0.002802768166089962,-0.06105098133799636,58,164
48,post_processing,45.0,ALL,42,4200,3954,0.3333333333333333,0.05071428571428571,0.01380952380952381,0.0169047619047619,-0.003095238095238092,-0.06429346078982046,58,213
48,post_processing,60.0,0,8,800,790,0.0,0.03125,0.0,0.0,0.0,0.0,0,25
48,post_processing,60.0,1,34,3400,3240,0.4117647058823529,0.01911764705882353,0.006176470588235294,0.007871972318339101,-0.0016955017301038076,-0.09041633029639023,21,65
48,post_processing,60.0,ALL,42,4200,3954,0.3333333333333333,0.02142857142857143,0.005,0.007142857142857143,-0.0021428571428571425,-0.1021897810218978,21,90
48,post_processing,90.0,0,8,800,790,0.0,0.00625,0.0,0.0,0.0,0.0,0,5
48,post_processing,90.0,1,34,3400,3240,0.4117647058823529,0.0029411764705882353,0.001176470588235294,0.0012110726643598615,-3.4602076124567484e-05,-0.011799410029498525,4,10
48,post_processing,90.0,ALL,42,4200,3954,0.3333333333333333,0.0035714285714285713,0.0009523809523809524,0.0011904761904761904,-0.000238095238095238,-0.06690561529271205,4,15
49,none,30.0,0,10,1000,989,0.2,0.146,0.029,0.0292,-0.0001999999999999988,-0.0016040550511693674,29,146
49,none,30.0,1,32,3200,3058,0.375,0.1403125,0.056875,0.0526171875,0.0042578124999999994,0.03529795603785302,182,449
49,none,30.0,ALL,42,4200,3933,0.3333333333333333,0.14166666666666666,0.05023809523809524,0.04722222222222222,0.0030158730158730204,0.024802153871257282,211,595
49,none,45.0,0,10,1000,989,0.2,0.051,0.014,0.0102,0.0037999999999999996,0.07851401888468773,14,51
49,none,45.0,1,32,3200,3058,0.375,0.0478125,0.0175,0.0179296875,-0.0004296874999999978,-0.00943819164248133,56,153
49,none,45.0,ALL,42,4200,3933,0.3333333333333333,0.04857142857142857,0.016666666666666666,0.01619047619047619,0.0004761904761904773,0.010304422069127961,70,204
49,none,60.0,0,10,1000,989,0.2,0.024,0.005,0.0048000000000000004,0.00019999999999999966,0.008538251366120214,5,24
49,none,60.0,1,32,3200,3058,0.375,0.0215625,0.00875,0.0080859375,0.0006640625000000015,0.03147579835122366,28,69
49,none,60.0,ALL,42,4200,3933,0.3333333333333333,0.02214285714285714,0.007857142857142858,0.00738095238095238,0.0004761904761904773,0.021992349804032474,33,93
49,none,90.0,0,10,1000,989,0.2,0.002,0.0,0.0004,-0.0004,-0.20040080160320642,0,2
49,none,90.0,1,32,3200,3058,0.375,0.0046875,0.0015625,0.0017578124999999998,-0.00019531249999999974,-0.04186289900575618,5,15
49,none,90.0,ALL,42,4200,3933,0.3333333333333333,0.004047619047619047,0.0011904761904761906,0.001349206349206349,-0.0001587301587301585,-0.039375061523533594,5,17
49,reweighing,30.0,0,10,1000,989,0.1,0.146,0.017,0.0146,0.002400000000000001,0.01924866061403227,17,146
49,reweighing,30.0,1,32,3200,3058,0.34375,0.1403125,0.049375,0.048232421875,0.0011425781250000017,0.009472157927589042,158,449
49,reweighing,30.0,ALL,42,4200,3933,0.2857142857142857,0.14166666666666666,0.041666666666666664,0.04047619047619047,0.0011904761904761932,0.009790323896548936,175,595
49,reweighing,45.0,0,10,1000,989,0.1,0.051,0.006,0.0051,0.0008999999999999998,0.018595425525320772,6,51
49,reweighing,45.0,1,32,3200,3058,0.34375,0.0478125,0.0159375,0.016435546875000002,-0.0004980468750000015,-0.010939722131057872,51,153
49,reweighing,45.0,ALL,42,4200,3933,0.2857142857142857,0.04857142857142857,0.013571428571428571,0.013877551020408163,-0.00030612244897959204,-0.006624271330153697,57,204
49,reweighing,60.0,0,10,1000,989,0.1,0.024,0.001,0.0024000000000000002,-0.0014000000000000002,-0.059767759562841534,1,24
49,reweighing,60.0,1,32,3200,3058,0.34375,0.0215625,0.00875,0.007412109375,0.001337890625000001,0.06341447608996525,28,69
49,reweighing,60.0,ALL,42,4200,3933,0.2857142857142857,0.02214285714285714,0.006904761904761905,0.0063265306122448975,0.0005782312925170074,0.02670499619061084,29,93
49,reweighing,90.0,0,10,1000,989,0.1,0.002,0.0,0.0002,-0.0002,-0.10020040080160321,0,2
49,reweighing,90.0,1,32,3200,3058,0.34375,0.0046875,0.0015625,0.001611328125,-4.8828124999999827e-05,-0.010465724751439032,5,15
49,reweighing,90.0,ALL,42,4200,3933,0.2857142857142857,0.004047619047619047,0.0011904761904761906,0.0011564625850340134,3.4013605442177134e-05,0.008437513183614354,5,17
49,post_processing,30.0,0,10,1000,989,0.0,0.146,0.0,0.0,0.0,0.0,0,146
49,post_processing,30.0,1,32,3200,3058,0.375,0.1403125,0.056875,0.0526171875,0.0042578124999999994,0.03529795603785302,182,449
49,post_processing,30.0,ALL,42,4200,3933,0.2857142857142857,0.14166666666666666,0.043333333333333335,0.04047619047619047,0.0028571428571428636,0.0234967773517174,182,595
49,post_processing,45.0,0,10,1000,989,0.0,0.051,0.0,0.0,0.0,0.0,0,51
49,post_processing,45.0,1,32,3200,3058,0.375,0.0478125,0.0175,0.0179296875,-0.0004296874999999978,-0.00943819164248133,56,153
49,post_processing,45.0,ALL,42,4200,3933,0.2857142857142857,0.04857142857142857,0.013333333333333334,0.013877551020408163,-0.0005442176870748289,-0.011776482364717622,56,204
49,post_processing,60.0,0,10,1000,989,0.0,0.024,0.0,0.0,0.0,0.0,0,24
49,post_processing,60.0,1,32,3200,3058,0.375,0.0215625,0.00875,0.0080859375,0.0006640625000000015,0.03147579835122366,28,69
49,post_processing,60.0,ALL,42,4200,3933,0.2857142857142857,0.02214285714285714,0.006666666666666667,0.0063265306122448975,0.0003401360544217696,0.015708821288594632,28,93
49,post_processing,90.0,0,10,1000,989,0.0,0.002,0.0,0.0,0.0,0.0,0,2
49,post_processing,90.0,1,32,3200,3058,0.375,0.0046875,0.0015625,0.0017578124999999998,-0.00019531249999999974,-0.04186289900575618,5,15
49,post_processing,90.0,ALL,42,4200,3933,0.2857142857142857,0.004047619047619047,0.0011904761904761906,0.0011564625850340134,3.4013605442177134e-05,0.008437513183614354,5,17
50,none,30.0,0,5,500,496,0.2,0.158,0.038,0.0316,0.006399999999999996,0.0481072792326889,19,79
50,none,30.0,1,37,3700,3501,0.24324324324324326,0.1483783783783784,0.03783783783783784,0.03609203798392988,0.0017457998539079575,0.013815835490973788,140,549
50,none,30.0,ALL,42,4200,3941,0.23809523809523808,0.14952380952380953,0.03785714285714286,0.035600907029478455,0.0022562358276644046,0.01774238414847254,159,628
50,none,45.0,0,5,500,496,0.2,0.058,0.012,0.011600000000000001,0.0003999999999999993,0.007321180174244074,6,29
50,none,45.0,1,37,3700,3501,0.24324324324324326,0.05243243243243243,0.012972972972972972,0.012753834915997079,0.00021913805697589342,0.004410700948594748,48,194
50,none,45.0,ALL,42,4200,3941,0.23809523809523808,0.0530952380952381,0.012857142857142857,0.01264172335600907,0.00021541950113378693,0.004284726865575711,54,223
50,none,60.0,0,5,500,496,0.2,0.022,0.004,0.0044,-0.0004000000000000002,-0.018590816136828392,2,11
50,none,60.0,1,37,3700,3501,0.24324324324324326,0.01945945945945946,0.005135135135135135,0.004733382030679328,0.00040175310445580634,0.0210553717995835,19,72
50,none,60.0,ALL,42,4200,3941,0.23809523809523808,0.019761904761904762,0.005,0.004705215419501134,0.0002947845804988662,0.015217537626824984,21,83
50,none,90.0,0,5,500,496,0.2,0.002,0.0,0.0004,-0.0004,-0.20040080160320642,0,1
50,none,90.0,1,37,3700,3501,0.24324324324324326,0.002702702702702703,0.0,0.0006574141709276845,-0.0006574141709276845,-0.24390243902439024,0,10
50,none,90.0,ALL,42,4200,3941,0.23809523809523808,0.002619047619047619,0.0,0.0006235827664399093,-0.0006235827664399093,-0.23872045834328,0,11
50,reweighing,30.0,0,5,500,496,0.2,0.158,0.038,0.0316,0.006399999999999996,0.0481072792326889,19,79
50,reweighing,30.0,1,37,3700,3501,0.24324324324324326,0.1483783783783784,0.03783783783783784,0.03609203798392988,0.0017457998539079575,0.013815835490973788,140,549
50,reweighing,30.0,ALL,42,4200,3941,0.23809523809523808,0.14952380952380953,0.03785714285714286,0.035600907029478455,0.0022562358276644046,0.01774238414847254,159,628
50,reweighing,45.0,0,5,500,496,0.2,0.058,0.012,0.011600000000000001,0.0003999999999999993,0.007321180174244074,6,29
50,reweighing,45.0,1,37,3700,3501,0.24324324324324326,0.05243243243243243,0.012972972972972972,0.012753834915997079,0.00021913805697589342,0.004410700948594748,48,194
50,reweighing,45.0,ALL,42,4200,3941,0.23809523809523808,0.0530952380952381,0.012857142857142857,0.01264172335600907,0.00021541950113378693,0.004284726865575711,54,223
50,reweighing,60.0,0,5,500,496,0.2,0.022,0.004,0.0044,-0.0004000000000000002,-0.018590816136828392,2,11
50,reweighing,60.0,1,37,3700,3501,0.24324324324324326,0.01945945945945946,0.005135135135135135,0.004733382030679328,0.00040175310445580634,0.0210553717995835,19,72
50,reweighing,60.0,ALL,42,4200,3941,0.23809523809523808,0.019761904761904762,0.005,0.004705215419501134,0.0002947845804988662,0.015217537626824984,21,83
50,reweighing,90.0,0,5,500,496,0.2,0.002,0.0,0.0004,-0.0004,-0.20040080160320642,0,1
50,reweighing,90.0,1,37,3700,3501,0.24324324324324326,0.002702702702702703,0.0,0.0006574141709276845,-0.0006574141709276845,-0.24390243902439024,0,10
50,reweighing,90.0,ALL,42,4200,3941,0.23809523809523808,0.002619047619047619,0.0,0.0006235827664399093,-0.0006235827664399093,-0.23872045834328,0,11
50,post_processing,30.0,0,5,500,496,0.2,0.158,0.038,0.0316,0.006399999999999996,0.0481072792326889,19,79
50,post_processing,30.0,1,37,3700,3501,0.2702702702702703,0.1483783783783784,0.04135135135135135,0.040102264426588756,0.0012490869247625963,0.009884970162997941,153,549
50,post_processing,30.0,ALL,42,4200,3941,0.2619047619047619,0.14952380952380953,0.040952380952380955,0.03916099773242631,0.0017913832199546453,0.01408691806763146,172,628
50,post_processing,45.0,0,5,500,496,0.2,0.058,0.012,0.011600000000000001,0.0003999999999999993,0.007321180174244074,6,29
50,post_processing,45.0,1,37,3700,3501,0.2702702702702703,0.05243243243243243,0.014054054054054054,0.014170927684441198,-0.0001168736303871435,-0.002352373839250521,52,194
50,post_processing,45.0,ALL,42,4200,3941,0.2619047619047619,0.0530952380952381,0.01380952380952381,0.013905895691609979,-9.637188208616934e-05,-0.0019168514924944313,58,223
50,post_processing,60.0,0,5,500,496,0.2,0.022,0.004,0.0044,-0.0004000000000000002,-0.018590816136828392,2,11
50,post_processing,60.0,1,37,3700,3501,0.2702702702702703,0.01945945945945946,0.005675675675675676,0.005259313367421476,0.0004163623082541999,0.02182102168320471,21,72
50,post_processing,60.0,ALL,42,4200,3941,0.2619047619047619,0.019761904761904762,0.0054761904761904765,0.005175736961451247,0.00030045351473922954,0.015510182581187026,23,83
50,post_processing,90.0,0,5,500,496,0.2,0.002,0.0,0.0004,-0.0004,-0.20040080160320642,0,1
50,post_processing,90.0,1,37,3700,3501,0.2702702702702703,0.002702702702702703,0.0,0.0007304601899196495,-0.0007304601899196495,-0.27100271002710025,0,10
50,post_processing,90.0,ALL,42,4200,3941,0.2619047619047619,0.002619047619047619,0.0,0.0006859410430839002,-0.0006859410430839002,-0.26259250417760804,0,11
51,none,30.0,0,8,800,789,0.0,0.14375,0.0,0.0,0.0,0.0,0,115
51,none,30.0,1,34,3400,3227,0.14705882352941177,0.14147058823529413,0.019705882352941177,0.020804498269896197,-0.0010986159169550196,-0.009045332786339982,67,481
51,none,30.0,ALL,42,4200,3951,0.11904761904761904,0.1419047619047619,0.015952380952380954,0.016893424036281177,-0.0009410430839002226,-0.0077281767461954975,67,596
51,none,45.0,0,8,800,789,0.0,0.04875,0.0,0.0,0.0,0.0,0,39
51,none,45.0,1,34,3400,3227,0.14705882352941177,0.052941176470588235,0.007058823529411765,0.007785467128027682,-0.0007266435986159172,-0.014492753623188415,24,180
51,none,45.0,ALL,42,4200,3951,0.11904761904761904,0.052142857142857144,0.005714285714285714,0.006207482993197279,-0.0004931972789115648,-0.00997890665593075,24,219
51,none,60.0,0,8,800,789,0.0,0.02875,0.0,0.0,0.0,0.0,0,23
51,none,60.0,1,34,3400,3227,0.14705882352941177,0.01911764705882353,0.001176470588235294,0.0028114186851211074,-0.0016349480968858134,-0.08718717564294776,4,65
51,none,60.0,ALL,42,4200,3951,0.11904761904761904,0.02095238095238095,0.0009523809523809524,0.002494331065759637,-0.0015419501133786847,-0.07516802263883976,4,88
51,none,90.0,0,8,800,789,0.0,0.00125,0.0,0.0,0.0,0.0,0,1
51,none,90.0,1,34,3400,3227,0.14705882352941177,0.0026470588235294116,0.0002941176470588235,0.0003892733564013841,-9.515570934256058e-05,-0.03604312067892135,1,9
51,none,90.0,ALL,42,4200,3951,0.11904761904761904,0.002380952380952381,0.0002380952380952381,0.0002834467120181406,-4.53514739229025e-05,-0.019093078758949875,1,10
51,reweighing,30.0,0,8,800,789,0.0,0.14375,0.0,0.0,0.0,0.0,0,115
51,reweighing,30.0,1,34,3400,3227,0.17647058823529413,0.14147058823529413,0.02411764705882353,0.024965397923875435,-0.0008477508650519064,-0.006979863094971006,82,481
51,reweighing,30.0,ALL,42,4200,3951,0.14285714285714285,0.1419047619047619,0.019523809523809523,0.020272108843537414,-0.0007482993197278909,-0.0061452971716735305,82,596
51,reweighing,45.0,0,8,800,789,0.0,0.04875,0.0,0.0,0.0,0.0,0,39
51,reweighing,45.0,1,34,3400,3227,0.17647058823529413,0.052941176470588235,0.008529411764705883,0.009342560553633219,-0.0008131487889273363,-0.016218081435472737,29,180
51,reweighing,45.0,ALL,42,4200,3951,0.14285714285714285,0.052142857142857144,0.006904761904761905,0.007448979591836735,-0.0005442176870748298,-0.011011207344475304,29,219
51,reweighing,60.0,0,8,800,789,0.0,0.02875,0.0,0.0,0.0,0.0,0,23
51,reweighing,60.0,1,34,3400,3227,0.17647058823529413,0.01911764705882353,0.0017647058823529412,0.0033737024221453292,-0.001608996539792388,-0.08580325222004381,6,65
51,reweighing,60.0,ALL,42,4200,3951,0.14285714285714285,0.02095238095238095,0.0014285714285714286,0.0029931972789115644,-0.0015646258503401358,-0.07627343473646975,6,88
51,reweighing,90.0,0,8,800,789,0.0,0.00125,0.0,0.0,0.0,0.0,0,1
51,reweighing,90.0,1,34,3400,3227,0.17647058823529413,0.0026470588235294116,0.000588235294117647,0.0004671280276816609,0.00012110726643598608,0.04587306268226349,2,9
51,reweighing,90.0,ALL,42,4200,3951,0.14285714285714285,0.002380952380952381,0.0004761904761904762,0.00034013605442176874,0.00013605442176870745,0.057279236276849665,2,10
51,post_processing,30.0,0,8,800,789,0.0,0.14375,0.0,0.0,0.0,0.0,0,115
51,post_processing,30.0,1,34,3400,3227,0.14705882352941177,0.14147058823529413,0.019705882352941177,0.020804498269896197,-0.0010986159169550196,-0.009045332786339982,67,481
51,post_processing,30.0,ALL,42,4200,3951,0.11904761904761904,0.1419047619047619,0.015952380952380954,0.016893424036281177,-0.0009410430839002226,-0.0077281767461954975,67,596
51,post_processing,45.0,0,8,800,789,0.0,0.04875,0.0,0.0,0.0,0.0,0,39
51,post_processing,45.0,1,34,3400,3227,0.14705882352941177,0.052941176470588235,0.007058823529411765,0.007785467128027682,-0.0007266435986159172,-0.014492753623188415,24,180
51,post_processing,45.0,ALL,42,4200,3951,0.11904761904761904,0.052142857142857144,0.005714285714285714,0.006207482993197279,-0.0004931972789115648,-0.00997890665593075,24,219
51,post_processing,60.0,0,8,800,789,0.0,0.02875,0.0,0.0,0.0,0.0,0,23
51,post_processing,60.0,1,34,3400,3227,0.14705882352941177,0.01911764705882353,0.001176470588235294,0.0028114186851211074,-0.0016349480968858134,-0.08718717564294776,4,65
51,post_processing,60.0,ALL,42,4200,3951,0.11904761904761904,0.02095238095238095,0.0009523809523809524,0.002494331065759637,-0.0015419501133786847,-0.07516802263883976,4,88
51,post_processing,90.0,0,8,800,789,0.0,0.00125,0.0,0.0,0.0,0.0,0,1
51,post_processing,90.0,1,34,3400,3227,0.14705882352941177,0.0026470588235294116,0.0002941176470588235,0.0003892733564013841,-9.515570934256058e-05,-0.03604312067892135,1,9
51,post_processing,90.0,ALL,42,4200,3951,0.11904761904761904,0.002380952380952381,0.0002380952380952381,0.0002834467120181406,-4.53514739229025e-05,-0.019093078758949875,1,10
52,none,30.0,0,7,700,689,0.2857142857142857,0.13142857142857142,0.041428571428571426,0.037551020408163265,0.003877551020408161,0.03396739130434784,29,92
52,none,30.0,1,35,3500,3332,0.2571428571428571,0.14314285714285716,0.03685714285714286,0.03680816326530612,4.8979591836736946e-05,0.0003993347083758314,129,501
52,none,30.0,ALL,42,4200,3953,0.2619047619047619,0.1411904761904762,0.03761904761904762,0.03697845804988663,0.0006405895691609931,0.005282963471346436,158,593
52,none,45.0,0,7,700,689,0.2857142857142857,0.04428571428571428,0.011428571428571429,0.012653061224489795,-0.0012244897959183664,-0.02893099956603501,8,31
52,none,45.0,1,35,3500,3332,0.2571428571428571,0.05085714285714286,0.013714285714285714,0.013077551020408163,0.0006367346938775508,0.013190916531938934,48,178
52,none,45.0,ALL,42,4200,3953,0.2619047619047619,0.049761904761904764,0.013333333333333334,0.013032879818594106,0.0003004535147392278,0.006354009439900055,56,209
52,none,60.0,0,7,700,689,0.2857142857142857,0.017142857142857144,0.008571428571428572,0.004897959183673469,0.0036734693877551027,0.2180232558139535,6,12
52,none,60.0,1,35,3500,3332,0.2571428571428571,0.019428571428571427,0.0054285714285714284,0.004995918367346938,0.0004326530612244906,0.022710133004250677,19,68
52,none,60.0,ALL,42,4200,3953,0.2619047619047619,0.01904761904761905,0.005952380952380952,0.004988662131519275,0.0009637188208616769,0.051577669902912626,25,80
52,none,90.0,0,7,700,689,0.2857142857142857,0.0,0.0,0.0,0.0,,0,0
52,none,90.0,1,35,3500,3332,0.2571428571428571,0.0025714285714285713,0.0008571428571428571,0.0006612244897959183,0.0001959183673469388,0.07638689964671058,3,9
52,none,90.0,ALL,42,4200,3953,0.2619047619047619,0.002142857142857143,0.0007142857142857143,0.0005612244897959184,0.0001530612244897959,0.07158196134574085,3,9
52,reweighing,30.0,0,7,700,689,0.2857142857142857,0.13142857142857142,0.041428571428571426,0.037551020408163265,0.003877551020408161,0.03396739130434784,29,92
52,reweighing,30.0,1,35,3500,3332,0.2857142857142857,0.14314285714285716,0.040285714285714286,0.04089795918367347,-0.0006122448979591841,-0.004991683854698059,141,501
52,reweighing,30.0,ALL,42,4200,3953,0.2857142857142857,0.1411904761904762,0.04047619047619048,0.04034013605442177,0.0001360544217687068,0.0011220453390470841,170,593
52,reweighing,45.0,0,7,700,689,0.2857142857142857,0.04428571428571428,0.011428571428571429,0.012653061224489795,-0.0012244897959183664,-0.02893099956603501,8,31
52,reweighing,45.0,1,35,3500,3332,0.2857142857142857,0.05085714285714286,0.014,0.014530612244897958,-0.0005306122448979576,-0.010992430443282408,49,178
52,reweighing,45.0,ALL,42,4200,3953,0.2857142857142857,0.049761904761904764,0.013571428571428571,0.014217687074829932,-0.0006462585034013608,-0.01366711464431336,57,209
52,reweighing,60.0,0,7,700,689,0.2857142857142857,0.017142857142857144,0.008571428571428572,0.004897959183673469,0.0036734693877551027,0.2180232558139535,6,12
52,reweighing,60.0,1,35,3500,3332,0.2857142857142857,0.019428571428571427,0.005714285714285714,0.005551020408163265,0.00016326530612244955,0.008569861511038002,20,68
52,reweighing,60.0,ALL,42,4200,3953,0.2857142857142857,0.01904761904761905,0.006190476190476191,0.0054421768707483,0.0007482993197278909,0.040048543689320426,26,80
52,reweighing,90.0,0,7,700,689,0.2857142857142857,0.0,0.0,0.0,0.0,,0,0
52,reweighing,90.0,1,35,3500,3332,0.2857142857142857,0.0025714285714285713,0.0008571428571428571,0.0007346938775510204,0.00012244897959183673,0.04774181227919411,3,9
52,reweighing,90.0,ALL,42,4200,3953,0.2857142857142857,0.002142857142857143,0.0007142857142857143,0.0006122448979591836,0.00010204081632653064,0.04772130756382725,3,9
52,post_processing,30.0,0,7,700,689,0.2857142857142857,0.13142857142857142,0.041428571428571426,0.037551020408163265,0.003877551020408161,0.03396739130434784,29,92
52,post_processing,30.0,1,35,3500,3332,0.34285714285714286,0.14314285714285716,0.048,0.049077551020408165,-0.0010775510204081643,-0.008785363584268624,168,501
52,post_processing,30.0,ALL,42,4200,3953,0.3333333333333333,0.1411904761904762,0.04690476190476191,0.047063492063492064,-0.00015873015873015678,-0.0013090528955548852,197,593
52,post_processing,45.0,0,7,700,689,0.2857142857142857,0.04428571428571428,0.011428571428571429,0.012653061224489795,-0.0012244897959183664,-0.02893099956603501,8,31
52,post_processing,45.0,1,35,3500,3332,0.34285714285714286,0.05085714285714286,0.01685714285714286,0.01743673469387755,-0.0005795918367346928,-0.012007116330354672,59,178
52,post_processing,45.0,ALL,42,4200,3953,0.3333333333333333,0.049761904761904764,0.015952380952380954,0.016587301587301588,-0.000634920634920634,-0.01342734070318502,67,209
52,post_processing,60.0,0,7,700,689,0.2857142857142857,0.017142857142857144,0.008571428571428572,0.004897959183673469,0.0036734693877551027,0.2180232558139535,6,12
52,post_processing,60.0,1,35,3500,3332,0.34285714285714286,0.019428571428571427,0.0074285714285714285,0.006661224489795918,0.0007673469387755108,0.0402783491018785,26,68
52,post_processing,60.0,ALL,42,4200,3953,0.3333333333333333,0.01904761904761905,0.007619047619047619,0.006349206349206349,0.0012698412698412698,0.06796116504854371,32,80
52,post_processing,90.0,0,7,700,689,0.2857142857142857,0.0,0.0,0.0,0.0,,0,0
52,post_processing,90.0,1,35,3500,3332,0.34285714285714286,0.0025714285714285713,0.0008571428571428571,0.0008816326530612245,-2.448979591836739e-05,-0.009548362455838844,3,9
52,post_processing,90.0,ALL,42,4200,3953,0.3333333333333333,0.002142857142857143,0.0007142857142857143,0.0007142857142857143,0.0,0.0,3,9
53,none,30.0,0,13,1300,1261,0.15384615384615385,0.13230769230769232,0.02076923076923077,0.02035502958579882,0.00041420118343194964,0.003607949859805365,27,172
53,none,30.0,1,29,2900,2774,0.2413793103448276,0.14206896551724138,0.03482758620689655,0.034292508917954816,0.0005350772889417335,0.004390004058314856,101,412
53,none,30.0,ALL,42,4200,3950,0.21428571428571427,0.13904761904761906,0.030476190476190476,0.02979591836734694,0.0006802721088435375,0.005682506970541873,128,584
53,none,45.0,0,13,1300,1261,0.15384615384615385,0.04153846153846154,0.0038461538461538464,0.006390532544378698,-0.002544378698224852,-0.06390820997562571,5,54
53,none,45.0,1,29,2900,2774,0.2413793103448276,0.04758620689655172,0.016206896551724137,0.011486325802615932,0.004720570749108205,0.1041568281753403,47,138
53,none,45.0,ALL,42,4200,3950,0.21428571428571427,0.045714285714285714,0.012380952380952381,0.009795918367346938,0.002585034013605443,0.059256487025948074,52,192
53,none,60.0,0,13,1300,1261,0.15384615384615385,0.016153846153846154,0.0,0.002485207100591716,-0.002485207100591716,-0.1563721657544957,0,21
53,none,60.0,1,29,2900,2774,0.2413793103448276,0.018275862068965518,0.006206896551724138,0.00441141498216409,0.0017954815695600474,0.10007223757546838,18,53
53,none,60.0,ALL,42,4200,3950,0.21428571428571427,0.017619047619047618,0.004285714285714286,0.003775510204081632,0.000510204081632654,0.029476883572860324,18,74
53,none,90.0,0,13,1300,1261,0.15384615384615385,0.0015384615384615385,0.0,0.0002366863905325444,-0.0002366863905325444,-0.15408320493066255,0,2
53,none,90.0,1,29,2900,2774,0.2413793103448276,0.002758620689655172,0.0017241379310344827,0.0006658739595719382,0.0010582639714625446,0.3846818810511756,5,8
53,none,90.0,ALL,42,4200,3950,0.21428571428571427,0.002380952380952381,0.0011904761904761906,0.0005102040816326531,0.0006802721088435375,0.2863961813842482,5,10
53,reweighing,30.0,0,13,1300,1261,0.23076923076923078,0.13230769230769232,0.03307692307692308,0.03053254437869823,0.0025443786982248494,0.022163120567375877,43,172
53,reweighing,30.0,1,29,2900,2774,0.27586206896551724,0.14206896551724138,0.04103448275862069,0.03919143876337693,0.001843043995243758,0.015121125089751164,119,412
53,reweighing,30.0,ALL,42,4200,3950,0.2619047619047619,0.13904761904761906,0.03857142857142857,0.03641723356009071,0.002154195011337859,0.01799460540671599,162,584
53,reweighing,45.0,0,13,1300,1261,0.23076923076923078,0.04153846153846154,0.007692307692307693,0.009585798816568047,-0.0018934911242603544,-0.047559598121395874,10,54
53,reweighing,45.0,1,29,2900,2774,0.27586206896551724,0.04758620689655172,0.01689655172413793,0.013127229488703923,0.003769322235434006,0.08316804667905009,49,138
53,reweighing,45.0,ALL,42,4200,3950,0.2619047619047619,0.045714285714285714,0.014047619047619048,0.01197278911564626,0.002074829931972789,0.04756112774451099,59,192
53,reweighing,60.0,0,13,1300,1261,0.23076923076923078,0.016153846153846154,0.0015384615384615385,0.003727810650887574,-0.0021893491124260357,-0.13775643173610336,2,21
53,reweighing,60.0,1,29,2900,2774,0.27586206896551724,0.018275862068965518,0.006206896551724138,0.005041617122473246,0.0011652794292508917,0.06494754491652915,18,53
53,reweighing,60.0,ALL,42,4200,3950,0.2619047619047619,0.017619047619047618,0.004761904761904762,0.004614512471655329,0.00014739229024943352,0.00851554414327077,20,74
53,reweighing,90.0,0,13,1300,1261,0.23076923076923078,0.0015384615384615385,0.0,0.0003550295857988166,-0.0003550295857988166,-0.23112480739599384,0,2
53,reweighing,90.0,1,29,2900,2774,0.27586206896551724,0.002758620689655172,0.0017241379310344827,0.0007609988109393578,0.0009631391200951249,0.350103734439834,5,8
53,reweighing,90.0,ALL,42,4200,3950,0.2619047619047619,0.002380952380952381,0.0011904761904761906,0.0006235827664399094,0.0005668934240362812,0.23866348448687352,5,10
53,post_processing,30.0,0,13,1300,1261,0.15384615384615385,0.13230769230769232,0.02076923076923077,0.02035502958579882,0.00041420118343194964,0.003607949859805365,27,172
53,post_processing,30.0,1,29,2900,2774,0.5517241379310345,0.14206896551724138,0.07862068965517241,0.07838287752675387,0.0002378121284185436,0.001951112914806541,228,412
53,post_processing,30.0,ALL,42,4200,3950,0.42857142857142855,0.13904761904761906,0.060714285714285714,0.05959183673469388,0.0011224489795918363,0.009376136501394128,255,584
53,post_processing,45.0,0,13,1300,1261,0.15384615384615385,0.04153846153846154,0.0038461538461538464,0.006390532544378698,-0.002544378698224852,-0.06390820997562571,5,54
53,post_processing,45.0,1,29,2900,2774,0.5517241379310345,0.04758620689655172,0.028620689655172414,0.026254458977407847,0.002366230677764567,0.05220959397202196,83,138
53,post_processing,45.0,ALL,42,4200,3950,0.42857142857142855,0.045714285714285714,0.02095238095238095,0.019591836734693877,0.001360544217687075,0.031187624750498966,88,192
53,post_processing,60.0,0,13,1300,1261,0.15384615384615385,0.016153846153846154,0.0,0.002485207100591716,-0.002485207100591716,-0.1563721657544957,0,21
53,post_processing,60.0,1,29,2900,2774,0.5517241379310345,0.018275862068965518,0.01,0.010083234244946492,-8.323424494649165e-05,-0.0046391103511806975,29,53
53,post_processing,60.0,ALL,42,4200,3950,0.42857142857142855,0.017619047619047618,0.006904761904761905,0.007551020408163264,-0.000646258503401359,-0.03733738585895641,29,74
53,post_processing,90.0,0,13,1300,1261,0.15384615384615385,0.0015384615384615385,0.0,0.0002366863905325444,-0.0002366863905325444,-0.15408320493066255,0,2
53,post_processing,90.0,1,29,2900,2774,0.5517241379310345,0.002758620689655172,0.0017241379310344827,0.0015219976218787156,0.00020214030915576713,0.07347856154910093,5,8
53,post_processing,90.0,ALL,42,4200,3950,0.42857142857142855,0.002380952380952381,0.0011904761904761906,0.0010204081632653062,0.00017006802721088437,0.07159904534606204,5,10
54,none,30.0,0,7,700,692,0.14285714285714285,0.17,0.024285714285714285,0.024285714285714285,0.0,0.0,17,119
54,none,30.0,1,35,3500,3312,0.11428571428571428,0.148,0.015428571428571429,0.01691428571428571,-0.001485714285714283,-0.011782406148603333,54,518
54,none,30.0,ALL,42,4200,3933,0.11904761904761904,0.15166666666666667,0.016904761904761905,0.018055555555555554,-0.0011507936507936488,-0.00894418520014928,71,637
54,none,45.0,0,7,700,692,0.14285714285714285,0.06142857142857143,0.007142857142857143,0.008775510204081632,-0.0016326530612244894,-0.028317581678524648,5,43
54,none,45.0,1,35,3500,3312,0.11428571428571428,0.054,0.0054285714285714284,0.006171428571428571,-0.0007428571428571423,-0.014541875006991292,19,189
54,none,45.0,ALL,42,4200,3933,0.11904761904761904,0.05523809523809524,0.005714285714285714,0.006575963718820861,-0.0008616780045351468,-0.01651140155728588,24,232
54,none,60.0,0,7,700,692,0.14285714285714285,0.024285714285714285,0.005714285714285714,0.0034693877551020408,0.0022448979591836735,0.0947377486865903,4,17
54,none,60.0,1,35,3500,3312,0.11428571428571428,0.021142857142857144,0.002,0.002416326530612245,-0.00041632653061224496,-0.020116438680361615,7,74
54,none,60.0,ALL,42,4200,3933,0.11904761904761904,0.021666666666666667,0.002619047619047619,0.0025793650793650793,3.968253968253963e-05,0.0018720632008536603,11,91
54,none,90.0,0,7,700,692,0.14285714285714285,0.002857142857142857,0.0014285714285714286,0.0004081632653061224,0.0010204081632653062,0.35816618911174786,1,2
54,none,90.0,1,35,3500,3312,0.11428571428571428,0.004857142857142857,0.0008571428571428571,0.0005551020408163265,0.0003020408163265306,0.06248838898177704,3,17
54,none,90.0,ALL,42,4200,3933,0.11904761904761904,0.004523809523809524,0.0009523809523809524,0.0005385487528344671,0.0004138321995464853,0.09189440954694796,4,19
54,reweighing,30.0,0,7,700,692,0.14285714285714285,0.17,0.024285714285714285,0.024285714285714285,0.0,0.0,17,119
54,reweighing,30.0,1,35,3500,3312,0.14285714285714285,0.148,0.019428571428571427,0.02114285714285714,-0.0017142857142857133,-0.013595084017619247,68,518
54,reweighing,30.0,ALL,42,4200,3933,0.14285714285714285,0.15166666666666667,0.02023809523809524,0.021666666666666667,-0.0014285714285714284,-0.011103126455357715,85,637
54,reweighing,45.0,0,7,700,692,0.14285714285714285,0.06142857142857143,0.007142857142857143,0.008775510204081632,-0.0016326530612244894,-0.028317581678524648,5,43
54,reweighing,45.0,1,35,3500,3312,0.14285714285714285,0.054,0.0074285714285714285,0.0077142857142857135,-0.000285714285714285,-0.0055930288488428015,26,189
54,reweighing,45.0,ALL,42,4200,3933,0.14285714285714285,0.05523809523809524,0.007380952380952381,0.007891156462585034,-0.0005102040816326531,-0.00977648776418244,31,232
54,reweighing,60.0,0,7,700,692,0.14285714285714285,0.024285714285714285,0.005714285714285714,0.0034693877551020408,0.0022448979591836735,0.0947377486865903,4,17
54,reweighing,60.0,1,35,3500,3312,0.14285714285714285,0.021142857142857144,0.003142857142857143,0.0030204081632653063,0.00012244897959183673,0.005916599611871076,11,74
54,reweighing,60.0,ALL,42,4200,3933,0.14285714285714285,0.021666666666666667,0.0035714285714285713,0.0030952380952380953,0.000476190476190476,0.022464758410243924,15,91
54,reweighing,90.0,0,7,700,692,0.14285714285714285,0.002857142857142857,0.0014285714285714286,0.0004081632653061224,0.0010204081632653062,0.35816618911174786,1,2
54,reweighing,90.0,1,35,3500,3312,0.14285714285714285,0.004857142857142857,0.0008571428571428571,0.0006938775510204081,0.000163265306122449,0.03377750755771733,3,17
54,reweighing,90.0,ALL,42,4200,3933,0.14285714285714285,0.004523809523809524,0.0009523809523809524,0.0006462585034013605,0.00030612244897959193,0.06797668651418068,4,19
54,post_processing,30.0,0,7,700,692,0.14285714285714285,0.17,0.024285714285714285,0.024285714285714285,0.0,0.0,17,119
54,post_processing,30.0,1,35,3500,3312,0.14285714285714285,0.148,0.019428571428571427,0.02114285714285714,-0.0017142857142857133,-0.013595084017619247,68,518
54,post_processing,30.0,ALL,42,4200,3933,0.14285714285714285,0.15166666666666667,0.02023809523809524,0.021666666666666667,-0.0014285714285714284,-0.011103126455357715,85,637
54,post_processing,45.0,0,7,700,692,0.14285714285714285,0.06142857142857143,0.007142857142857143,0.008775510204081632,-0.0016326530612244894,-0.028317581678524648,5,43
54,post_processing,45.0,1,35,3500,3312,0.14285714285714285,0.054,0.0074285714285714285,0.0077142857142857135,-0.000285714285714285,-0.0055930288488428015,26,189
54,post_processing,45.0,ALL,42,4200,3933,0.14285714285714285,0.05523809523809524,0.007380952380952381,0.007891156462585034,-0.0005102040816326531,-0.00977648776418244,31,232
54,post_processing,60.0,0,7,700,692,0.14285714285714285,0.024285714285714285,0.005714285714285714,0.0034693877551020408,0.0022448979591836735,0.0947377486865903,4,17
54,post_processing,60.0,1,35,3500,3312,0.14285714285714285,0.021142857142857144,0.003142857142857143,0.0030204081632653063,0.00012244897959183673,0.005916599611871076,11,74
54,post_processing,60.0,ALL,42,4200,3933,0.14285714285714285,0.021666666666666667,0.0035714285714285713,0.0030952380952380953,0.000476190476190476,0.022464758410243924,15,91
54,post_processing,90.0,0,7,700,692,0.14285714285714285,0.002857142857142857,0.0014285714285714286,0.0004081632653061224,0.0010204081632653062,0.35816618911174786,1,2
54,post_processing,90.0,1,35,3500,3312,0.14285714285714285,0.004857142857142857,0.0008571428571428571,0.0006938775510204081,0.000163265306122449,0.03377750755771733,3,17
54,post_processing,90.0,ALL,42,4200,3933,0.14285714285714285,0.004523809523809524,0.0009523809523809524,0.0006462585034013605,0.00030612244897959193,0.06797668651418068,4,19
55,none,30.0,0,10,1000,982,0.3,0.151,0.038,0.0453,-0.007300000000000001,-0.05694272186210497,38,151
55,none,30.0,1,32,3200,3049,0.21875,0.1446875,0.028125,0.031650390625,-0.003525390624999996,-0.02848730815455114,90,463
55,none,30.0,ALL,42,4200,3942,0.23809523809523808,0.1461904761904762,0.030476190476190476,0.034807256235827665,-0.0043310657596371885,-0.03469881969512273,128,614
55,none,45.0,0,10,1000,982,0.3,0.058,0.014,0.0174,-0.0033999999999999985,-0.06223003148107473,14,58
55,none,45.0,1,32,3200,3049,0.21875,0.05625,0.0125,0.0123046875,0.00019531250000000104,0.00367917586460631,40,180
55,none,45.0,ALL,42,4200,3942,0.23809523809523808,0.056666666666666664,0.012857142857142857,0.013492063492063491,-0.000634920634920634,-0.01187754253644921,54,238
55,none,60.0,0,10,1000,982,0.3,0.026,0.004,0.0078,-0.0037999999999999996,-0.1500552835255094,4,26
55,none,60.0,1,32,3200,3049,0.21875,0.02375,0.005,0.0051953125,-0.00019531250000000017,-0.008423748231012884,16,76
55,none,60.0,ALL,42,4200,3942,0.23809523809523808,0.024285714285714285,0.004761904761904762,0.005782312925170068,-0.0010204081632653053,-0.04306261303935924,20,102
55,none,90.0,0,10,1000,982,0.3,0.004,0.0,0.0012,-0.0012,-0.30120481927710846,0,4
55,none,90.0,1,32,3200,3049,0.21875,0.0034375,0.001875,0.000751953125,0.001123046875,0.3278314661193306,6,11
55,none,90.0,ALL,42,4200,3942,0.23809523809523808,0.0035714285714285713,0.0014285714285714286,0.0008503401360544217,0.0005782312925170068,0.16248506571087218,6,15
55,reweighing,30.0,0,10,1000,982,0.2,0.151,0.027,0.0302,-0.0032000000000000015,-0.02496119314503234,27,151
55,reweighing,30.0,1,32,3200,3049,0.25,0.1446875,0.0325,0.036171875,-0.003671874999999998,-0.02967099131886769,104,463
55,reweighing,30.0,ALL,42,4200,3942,0.23809523809523808,0.1461904761904762,0.031190476190476192,0.034807256235827665,-0.0036167800453514726,-0.028976239483623406,131,614
55,reweighing,45.0,0,10,1000,982,0.2,0.058,0.01,0.011600000000000001,-0.0016000000000000007,-0.029284720696976352,10,58
55,reweighing,45.0,1,32,3200,3049,0.25,0.05625,0.014375,0.0140625,0.0003125000000000003,0.005886681383370118,46,180
55,reweighing,45.0,ALL,42,4200,3942,0.23809523809523808,0.056666666666666664,0.013333333333333334,0.013492063492063491,-0.00015873015873015678,-0.0029693856341123093,56,238
55,reweighing,60.0,0,10,1000,982,0.2,0.026,0.003,0.0052,-0.0021999999999999997,-0.08687411151476859,3,26
55,reweighing,60.0,1,32,3200,3049,0.25,0.02375,0.005625,0.0059375,-0.0003125000000000003,-0.013477997169620587,18,76
55,reweighing,60.0,ALL,42,4200,3942,0.23809523809523808,0.024285714285714285,0.005,0.005782312925170068,-0.0007823129251700676,-0.03301466999684208,21,102
55,reweighing,90.0,0,10,1000,982,0.2,0.004,0.0,0.0008,-0.0008,-0.20080321285140562,0,4
55,reweighing,90.0,1,32,3200,3049,0.25,0.0034375,0.001875,0.000859375,0.001015625,0.2964736737079164,6,11
55,reweighing,90.0,ALL,42,4200,3942,0.23809523809523808,0.0035714285714285713,0.0014285714285714286,0.0008503401360544217,0.0005782312925170068,0.16248506571087218,6,15
55,post_processing,30.0,0,10,1000,982,0.1,0.151,0.019,0.0151,0.003899999999999999,0.03042145414550816,19,151
55,post_processing,30.0,1,32,3200,3049,0.3125,0.1446875,0.041875,0.04521484375,-0.0033398437499999947,-0.026987976146416903,134,463
55,post_processing,30.0,ALL,42,4200,3942,0.2619047619047619,0.1461904761904762,0.03642857142857143,0.03828798185941044,-0.0018594104308390091,-0.014896875471204496,153,614
55,post_processing,45.0,0,10,1000,982,0.1,0.058,0.008,0.0058000000000000005,0.0021999999999999997,0.04026649095834248,8,58
55,post_processing,45.0,1,32,3200,3049,0.3125,0.05625,0.0178125,0.017578125,0.00023437499999999847,0.004415011037527561,57,180
55,post_processing,45.0,ALL,42,4200,3942,0.2619047619047619,0.056666666666666664,0.015476190476190477,0.014841269841269841,0.0006349206349206358,0.011877542536449182,65,238
55,post_processing,60.0,0,10,1000,982,0.1,0.026,0.002,0.0026,-0.0005999999999999998,-0.023692939504027802,2,26
55,post_processing,60.0,1,32,3200,3049,0.3125,0.02375,0.0075,0.007421875,7.812500000000007e-05,0.0033694992924051537,24,76
55,post_processing,60.0,ALL,42,4200,3942,0.2619047619047619,0.024285714285714285,0.006190476190476191,0.006360544217687075,-0.00017006802721088437,-0.007177102173226535,26,102
55,post_processing,90.0,0,10,1000,982,0.1,0.004,0.0,0.0004,-0.0004,-0.10040160642570281,0,4
55,post_processing,90.0,1,32,3200,3049,0.3125,0.0034375,0.001875,0.00107421875,0.0008007812499999998,0.23375808888508792,6,11
55,post_processing,90.0,ALL,42,4200,3942,0.2619047619047619,0.0035714285714285713,0.0014285714285714286,0.0009353741496598639,0.0004931972789115646,0.1385902031063322,6,15
56,none,30.0,0,6,600,594,0.3333333333333333,0.14166666666666666,0.045,0.04722222222222222,-0.0022222222222222227,-0.01827527127355799,27,85
56,none,30.0,1,36,3600,3394,0.1111111111111111,0.15305555555555556,0.015,0.017006172839506173,-0.0020061728395061734,-0.015476199688214107,54,551
56,none,30.0,ALL,42,4200,3931,0.14285714285714285,0.15142857142857144,0.019285714285714285,0.02163265306122449,-0.0023469387755102045,-0.01826440505685789,81,636
56,none,45.0,0,6,600,594,0.3333333333333333,0.041666666666666664,0.01,0.013888888888888888,-0.003888888888888888,-0.09739130434782611,6,25
56,none,45.0,1,36,3600,3394,0.1111111111111111,0.06,0.006388888888888889,0.006666666666666666,-0.00027777777777777696,-0.004925137903861301,23,216
56,none,45.0,ALL,42,4200,3931,0.14285714285714285,0.05738095238095238,0.006904761904761905,0.008197278911564625,-0.0012925170068027198,-0.023896390282553845,29,241
56,none,60.0,0,6,600,594,0.3333333333333333,0.008333333333333333,0.0033333333333333335,0.0027777777777777775,0.0005555555555555561,0.06722689075630256,2,5
56,none,60.0,1,36,3600,3394,0.1111111111111111,0.02638888888888889,0.002777777777777778,0.0029320987654320985,-0.00015432098765432063,-0.00600645694121181,10,95
56,none,60.0,ALL,42,4200,3931,0.14285714285714285,0.023809523809523808,0.002857142857142857,0.0034013605442176865,-0.0005442176870748294,-0.023414634146341456,12,100
56,none,90.0,0,6,600,594,0.3333333333333333,0.0016666666666666668,0.0,0.0005555555555555556,-0.0005555555555555556,-0.333889816360601,0,1
56,none,90.0,1,36,3600,3394,0.1111111111111111,0.004722222222222222,0.0002777777777777778,0.0005246913580246914,-0.0002469135802469136,-0.05253566679253337,1,17
56,none,90.0,ALL,42,4200,3931,0.14285714285714285,0.004285714285714286,0.0002380952380952381,0.0006122448979591836,-0.00037414965986394555,-0.0876773473617089,1,18
56,reweighing,30.0,0,6,600,594,0.3333333333333333,0.14166666666666666,0.045,0.04722222222222222,-0.0022222222222222227,-0.01827527127355799,27,85
56,reweighing,30.0,1,36,3600,3394,0.19444444444444445,0.15305555555555556,0.029166666666666667,0.029760802469135803,-0.0005941358024691354,-0.004583336061509569,105,551
56,reweighing,30.0,ALL,42,4200,3931,0.21428571428571427,0.15142857142857144,0.03142857142857143,0.032448979591836735,-0.0010204081632653045,-0.007941045676894715,132,636
56,reweighing,45.0,0,6,600,594,0.3333333333333333,0.041666666666666664,0.01,0.013888888888888888,-0.003888888888888888,-0.09739130434782611,6,25
56,reweighing,45.0,1,36,3600,3394,0.19444444444444445,0.06,0.011666666666666667,0.011666666666666667,0.0,0.0,42,216
56,reweighing,45.0,ALL,42,4200,3931,0.21428571428571427,0.05738095238095238,0.011428571428571429,0.012295918367346937,-0.0008673469387755085,-0.016035735584345373,48,241
56,reweighing,60.0,0,6,600,594,0.3333333333333333,0.008333333333333333,0.0033333333333333335,0.0027777777777777775,0.0005555555555555561,0.06722689075630256,2,5
56,reweighing,60.0,1,36,3600,3394,0.19444444444444445,0.02638888888888889,0.005277777777777778,0.005131172839506173,0.0001466049382716052,0.005706134094151216,19,95
56,reweighing,60.0,ALL,42,4200,3931,0.21428571428571427,0.023809523809523808,0.005,0.00510204081632653,-0.0001020408163265301,-0.004390243902439028,21,100
56,reweighing,90.0,0,6,600,594,0.3333333333333333,0.0016666666666666668,0.0,0.0005555555555555556,-0.0005555555555555556,-0.333889816360601,0,1
56,reweighing,90.0,1,36,3600,3394,0.19444444444444445,0.004722222222222222,0.0008333333333333334,0.0009182098765432099,-8.48765432098765e-05,-0.018059135459933345,3,17
56,reweighing,90.0,ALL,42,4200,3931,0.21428571428571427,0.004285714285714286,0.0007142857142857143,0.0009183673469387755,-0.00020408163265306118,-0.04782400765184122,3,18
56,post_processing,30.0,0,6,600,594,0.3333333333333333,0.14166666666666666,0.045,0.04722222222222222,-0.0022222222222222227,-0.01827527127355799,27,85
56,post_processing,30.0,1,36,3600,3394,0.05555555555555555,0.15305555555555556,0.009722222222222222,0.008503086419753086,0.001219135802469136,0.0094047675028378,35,551
56,post_processing,30.0,ALL,42,4200,3931,0.09523809523809523,0.15142857142857144,0.014761904761904763,0.014421768707482994,0.00034013605442176874,0.0026470152256315854,62,636
56,post_processing,45.0,0,6,600,594,0.3333333333333333,0.041666666666666664,0.01,0.013888888888888888,-0.003888888888888888,-0.09739130434782611,6,25
56,post_processing,45.0,1,36,3600,3394,0.05555555555555555,0.06,0.0044444444444444444,0.003333333333333333,0.0011111111111111113,0.019700551615445226,16,216
56,post_processing,45.0,ALL,42,4200,3931,0.09523809523809523,0.05738095238095238,0.005238095238095238,0.00546485260770975,-0.00022675736961451191,-0.004192349172377874,22,241
56,post_processing,60.0,0,6,600,594,0.3333333333333333,0.008333333333333333,0.0033333333333333335,0.0027777777777777775,0.0005555555555555561,0.06722689075630256,2,5
56,post_processing,60.0,1,36,3600,3394,0.05555555555555555,0.02638888888888889,0.001388888888888889,0.0014660493827160493,-7.716049382716032e-05,-0.003003228470605905,5,95
56,post_processing,60.0,ALL,42,4200,3931,0.09523809523809523,0.023809523809523808,0.0016666666666666668,0.0022675736961451243,-0.0006009070294784576,-0.02585365853658536,7,100
56,post_processing,90.0,0,6,600,594,0.3333333333333333,0.0016666666666666668,0.0,0.0005555555555555556,-0.0005555555555555556,-0.333889816360601,0,1
56,post_processing,90.0,1,36,3600,3394,0.05555555555555555,0.004722222222222222,0.0002777777777777778,0.0002623456790123457,1.5432098765432096e-05,0.003283479174533338,1,17
56,post_processing,90.0,ALL,42,4200,3931,0.09523809523809523,0.004285714285714286,0.0002380952380952381,0.00040816326530612246,-0.00017006802721088437,-0.039853339709867694,1,18
57,none,30.0,0,9,900,886,0.5555555555555556,0.16111111111111112,0.09333333333333334,0.08950617283950618,0.003827160493827156,0.028316967344142574,84,145
57,none,30.0,1,33,3300,3131,0.15151515151515152,0.14212121212121212,0.02,0.021533516988062443,-0.001533516988062443,-0.012577773191869784,66,469
57,none,30.0,ALL,42,4200,3941,0.23809523809523808,0.1461904761904762,0.03571428571428571,0.034807256235827665,0.0009070294784580477,0.007266768522538797,150,614
57,none,45.0,0,9,900,886,0.5555555555555556,0.06777777777777778,0.03888888888888889,0.037654320987654324,0.001234567901234565,0.01953926415131202,35,61
57,none,45.0,1,33,3300,3131,0.15151515151515152,0.05606060606060606,0.007575757575757576,0.008494031221303948,-0.0009182736455463723,-0.017352826341590383,25,185
57,none,45.0,ALL,42,4200,3941,0.23809523809523808,0.05857142857142857,0.014285714285714285,0.013945578231292517,0.00034013605442176874,0.00616849871078376,60,246
57,none,60.0,0,9,900,886,0.5555555555555556,0.02666666666666667,0.014444444444444444,0.014814814814814817,-0.00037037037037037333,-0.01426940639269414,13,24
57,none,60.0,1,33,3300,3131,0.15151515151515152,0.02212121212121212,0.0027272727272727275,0.0033516988062442608,-0.0006244260789715333,-0.028866031896965266,9,73
57,none,60.0,ALL,42,4200,3941,0.23809523809523808,0.023095238095238096,0.005238095238095238,0.005498866213151927,-0.0002607709750566895,-0.011558050307670265,22,97
57,none,90.0,0,9,900,886,0.5555555555555556,0.0044444444444444444,0.0011111111111111111,0.0024691358024691358,-0.0013580246913580246,-0.3069196428571429,1,4
57,none,90.0,1,33,3300,3131,0.15151515151515152,0.0018181818181818182,0.00030303030303030303,0.0002754820936639119,2.7548209366391155e-05,0.015179113539769279,1,6
57,none,90.0,ALL,42,4200,3941,0.23809523809523808,0.002380952380952381,0.0004761904761904762,0.0005668934240362812,-9.0702947845805e-05,-0.03818615751789975,2,10
57,reweighing,30.0,0,9,900,886,0.4444444444444444,0.16111111111111112,0.07888888888888888,0.07160493827160494,0.0072839506172839436,0.05389358300981956,71,145
57,reweighing,30.0,1,33,3300,3131,0.15151515151515152,0.14212121212121212,0.02,0.021533516988062443,-0.001533516988062443,-0.012577773191869784,66,469
57,reweighing,30.0,ALL,42,4200,3941,0.21428571428571427,0.1461904761904762,0.03261904761904762,0.0313265306122449,0.001292517006802718,0.010355145144617772,137,614
57,reweighing,45.0,0,9,900,886,0.4444444444444444,0.06777777777777778,0.03222222222222222,0.03012345679012346,0.002098765432098762,0.03321674905723049,29,61
57,reweighing,45.0,1,33,3300,3131,0.15151515151515152,0.05606060606060606,0.007575757575757576,0.008494031221303948,-0.0009182736455463723,-0.017352826341590383,25,185
57,reweighing,45.0,ALL,42,4200,3941,0.21428571428571427,0.05857142857142857,0.012857142857142857,0.012551020408163265,0.00030612244897959204,0.005551648839705381,54,246
57,reweighing,60.0,0,9,900,886,0.4444444444444444,0.02666666666666667,0.011111111111111112,0.011851851851851851,-0.0007407407407407397,-0.028538812785388112,10,24
57,reweighing,60.0,1,33,3300,3131,0.15151515151515152,0.02212121212121212,0.0027272727272727275,0.0033516988062442608,-0.0006244260789715333,-0.028866031896965266,9,73
57,reweighing,60.0,ALL,42,4200,3941,0.21428571428571427,0.023095238095238096,0.004523809523809524,0.004948979591836734,-0.0004251700680272105,-0.01884464724076676,19,97
57,reweighing,90.0,0,9,900,886,0.4444444444444444,0.0044444444444444444,0.0011111111111111111,0.0019753086419753087,-0.0008641975308641976,-0.1953125,1,4
57,reweighing,90.0,1,33,3300,3131,0.15151515151515152,0.0018181818181818182,0.00030303030303030303,0.0002754820936639119,2.7548209366391155e-05,0.015179113539769279,1,6
57,reweighing,90.0,ALL,42,4200,3941,0.21428571428571427,0.002380952380952381,0.0004761904761904762,0.0005102040816326531,-3.401360544217692e-05,-0.014319809069212402,2,10
57,post_processing,30.0,0,9,900,886,0.2222222222222222,0.16111111111111112,0.056666666666666664,0.03580246913580247,0.020864197530864194,0.15437314455355103,51,145
57,post_processing,30.0,1,33,3300,3131,0.12121212121212122,0.14212121212121212,0.015151515151515152,0.017226813590449953,-0.0020752984389348014,-0.017021417612949535,50,469
57,post_processing,30.0,ALL,42,4200,3941,0.14285714285714285,0.1461904761904762,0.024047619047619047,0.020884353741496598,0.0031632653061224487,0.02534285522235402,101,614
57,post_processing,45.0,0,9,900,886,0.2222222222222222,0.06777777777777778,0.023333333333333334,0.01506172839506173,0.008271604938271605,0.1309130698137908,21,61
57,post_processing,45.0,1,33,3300,3131,0.12121212121212122,0.05606060606060606,0.004242424242424243,0.006795224977043159,-0.002552800734618916,-0.048240857229621265,14,185
57,post_processing,45.0,ALL,42,4200,3941,0.14285714285714285,0.05857142857142857,0.008333333333333333,0.00836734693877551,-3.40136054421767e-05,-0.0006168498710783787,35,246
57,post_processing,60.0,0,9,900,886,0.2222222222222222,0.02666666666666667,0.008888888888888889,0.005925925925925926,0.0029629629629629632,0.1141552511415525,8,24
57,post_processing,60.0,1,33,3300,3131,0.12121212121212122,0.02212121212121212,0.0018181818181818182,0.002681359044995409,-0.0008631772268135906,-0.03990304409286373,6,73
57,post_processing,60.0,ALL,42,4200,3941,0.14285714285714285,0.023095238095238096,0.0033333333333333335,0.0032993197278911564,3.4013605442177134e-05,0.0015075717792613352,14,97
57,post_processing,90.0,0,9,900,886,0.2222222222222222,0.0044444444444444444,0.0011111111111111111,0.0009876543209876543,0.00012345679012345677,0.027901785714285726,1,4
57,post_processing,90.0,1,33,3300,3131,0.12121212121212122,0.0018181818181818182,0.0,0.00022038567493112948,-0.00022038567493112948,-0.12143290831815422,0,6
57,post_processing,90.0,ALL,42,4200,3941,0.14285714285714285,0.002380952380952381,0.0002380952380952381,0.00034013605442176874,-0.00010204081632653064,-0.042959427207637235,1,10
58,none,30.0,0,4,400,397,0.25,0.1075,0.025,0.026875,-0.0018749999999999982,-0.01954270080125073,10,43
58,none,30.0,1,38,3800,3591,0.34210526315789475,0.14526315789473684,0.04894736842105263,0.04969529085872576,-0.0007479224376731319,-0.006023773827372014,186,552
58,none,30.0,ALL,42,4200,3961,0.3333333333333333,0.14166666666666666,0.04666666666666667,0.04722222222222222,-0.0005555555555555522,-0.00456881781838947,196,595
58,none,45.0,0,4,400,397,0.25,0.0525,0.0125,0.013125,-0.0006249999999999988,-0.012564392511622058,5,21
58,none,45.0,1,38,3800,3591,0.34210526315789475,0.05078947368421052,0.01868421052631579,0.017375346260387812,0.0013088642659279774,0.027149282267783847,71,193
58,none,45.0,ALL,42,4200,3961,0.3333333333333333,0.05095238095238095,0.018095238095238095,0.016984126984126983,0.0011111111111111113,0.022977617924417715,76,214
58,none,60.0,0,4,400,397,0.25,0.0225,0.0075,0.005625,0.001875,0.08525149190110826,3,9
58,none,60.0,1,38,3800,3591,0.34210526315789475,0.02157894736842105,0.007894736842105263,0.0073822714681440445,0.0005124653739612189,0.024272163108936096,30,82
58,none,60.0,ALL,42,4200,3961,0.3333333333333333,0.021666666666666667,0.007857142857142858,0.007222222222222222,0.0006349206349206358,0.029953011213658565,33,91
58,none,90.0,0,4,400,397,0.25,0.0,0.0,0.0,0.0,,0,0
58,none,90.0,1,38,3800,3591,0.34210526315789475,0.003157894736842105,0.0005263157894736842,0.0010803324099722992,-0.000554016620498615,-0.17599436818021827,2,12
58,none,90.0,ALL,42,4200,3961,0.3333333333333333,0.002857142857142857,0.0004761904761904762,0.0009523809523809524,-0.0004761904761904762,-0.16714422158548234,2,12
58,reweighing,30.0,0,4,400,397,0.0,0.1075,0.0,0.0,0.0,0.0,0,43
58,reweighing,30.0,1,38,3800,3591,0.3684210526315789,0.14526315789473684,0.0518421052631579,0.053518005540166204,-0.0016759002770083062,-0.013497715428000323,197,552
58,reweighing,30.0,ALL,42,4200,3961,0.3333333333333333,0.14166666666666666,0.04690476190476191,0.04722222222222222,-0.00031746031746031356,-0.002610753039079705,197,595
58,reweighing,45.0,0,4,400,397,0.0,0.0525,0.0,0.0,0.0,0.0,0,21
58,reweighing,45.0,1,38,3800,3591,0.3684210526315789,0.05078947368421052,0.019473684210526317,0.018711911357340717,0.0007617728531855994,0.015801169573842422,74,193
58,reweighing,45.0,ALL,42,4200,3961,0.3333333333333333,0.05095238095238095,0.017619047619047618,0.016984126984126983,0.000634920634920634,0.013130067385381528,74,214
58,reweighing,60.0,0,4,400,397,0.0,0.0225,0.0,0.0,0.0,0.0,0,9
58,reweighing,60.0,1,38,3800,3591,0.3684210526315789,0.02157894736842105,0.008157894736842105,0.007950138504155125,0.0002077562326869807,0.009840066125244351,31,82
58,reweighing,60.0,ALL,42,4200,3961,0.3333333333333333,0.021666666666666667,0.007380952380952381,0.007222222222222222,0.00015873015873015938,0.007488252803414641,31,91
58,reweighing,90.0,0,4,400,397,0.0,0.0,0.0,0.0,0.0,,0,0
58,reweighing,90.0,1,38,3800,3591,0.3684210526315789,0.003157894736842105,0.0005263157894736842,0.0011634349030470914,-0.0006371191135734072,-0.202393523407251,2,12
58,reweighing,90.0,ALL,42,4200,3961,0.3333333333333333,0.002857142857142857,0.0004761904761904762,0.0009523809523809524,-0.0004761904761904762,-0.16714422158548234,2,12
58,post_processing,30.0,0,4,400,397,0.0,0.1075,0.0,0.0,0.0,0.0,0,43
58,post_processing,30.0,1,38,3800,3591,0.34210526315789475,0.14526315789473684,0.04894736842105263,0.04969529085872576,-0.0007479224376731319,-0.006023773827372014,186,552
58,post_processing,30.0,ALL,42,4200,3961,0.30952380952380953,0.14166666666666666,0.04428571428571428,0.04384920634920635,0.0004365079365079294,0.0035897854287346154,186,595
58,post_processing,45.0,0,4,400,397,0.0,0.0525,0.0,0.0,0.0,0.0,0,21
58,post_processing,45.0,1,38,3800,3591,0.34210526315789475,0.05078947368421052,0.01868421052631579,0.017375346260387812,0.0013088642659279774,0.027149282267783847,71,193
58,post_processing,45.0,ALL,42,4200,3961,0.30952380952380953,0.05095238095238095,0.016904761904761905,0.015770975056689344,0.0011337868480725613,0.023446548902467,71,214
58,post_processing,60.0,0,4,400,397,0.0,0.0225,0.0,0.0,0.0,0.0,0,9
58,post_processing,60.0,1,38,3800,3591,0.34210526315789475,0.02157894736842105,0.007894736842105263,0.0073822714681440445,0.0005124653739612189,0.024272163108936096,30,82
58,post_processing,60.0,ALL,42,4200,3961,0.30952380952380953,0.021666666666666667,0.007142857142857143,0.006706349206349207,0.0004365079365079355,0.020592695209390277,30,91
58,post_processing,90.0,0,4,400,397,0.0,0.0,0.0,0.0,0.0,,0,0
58,post_processing,90.0,1,38,3800,3591,0.34210526315789475,0.003157894736842105,0.0005263157894736842,0.0010803324099722992,-0.000554016620498615,-0.17599436818021827,2,12
58,post_processing,90.0,ALL,42,4200,3961,0.30952380952380953,0.002857142857142857,0.0004761904761904762,0.0008843537414965987,-0.00040816326530612246,-0.14326647564469916,2,12
59,none,30.0,0,5,500,497,0.4,0.17,0.064,0.068,-0.0040000000000000036,-0.028348688873139627,32,85
59,none,30.0,1,37,3700,3493,0.2972972972972973,0.13675675675675675,0.041891891891891894,0.040657414170927685,0.0012344777209642097,0.010456859576132127,155,506
59,none,30.0,ALL,42,4200,3942,0.30952380952380953,0.1407142857142857,0.04452380952380952,0.04355442176870748,0.0009693877551020386,0.008017182087083519,187,591
59,none,45.0,0,5,500,497,0.4,0.05,0.016,0.020000000000000004,-0.0040000000000000036,-0.08421052631578946,8,25
59,none,45.0,1,37,3700,3493,0.2972972972972973,0.045675675675675674,0.015405405405405406,0.013579254930606282,0.001826150474799124,0.041894362527000906,57,169
59,none,45.0,ALL,42,4200,3942,0.30952380952380953,0.04619047619047619,0.015476190476190477,0.014297052154195012,0.0011791383219954647,0.02676397774472311,65,194
59,none,60.0,0,5,500,497,0.4,0.02,0.004,0.008,-0.004,-0.20408163265306123,2,10
59,none,60.0,1,37,3700,3493,0.2972972972972973,0.01972972972972973,0.0075675675675675675,0.005865595325054785,0.0017019722425127828,0.08800057408099826,28,73
59,none,60.0,ALL,42,4200,3942,0.30952380952380953,0.019761904761904762,0.007142857142857143,0.006116780045351474,0.0010260770975056687,0.05296873673952551,30,83
59,none,90.0,0,5,500,497,0.4,0.004,0.0,0.0016,-0.0016,-0.40160642570281124,0,2
59,none,90.0,1,37,3700,3493,0.2972972972972973,0.004864864864864865,0.0018918918918918919,0.0014463111760409058,0.000445580715850986,0.0920393505944837,7,18
59,none,90.0,ALL,42,4200,3942,0.30952380952380953,0.004761904761904762,0.0016666666666666668,0.0014739229024943313,0.00019274376417233543,0.040669856459330134,7,20
59,reweighing,30.0,0,5,500,497,0.2,0.17,0.024,0.034,-0.010000000000000002,-0.07087172218284904,12,85
59,reweighing,30.0,1,37,3700,3493,0.2972972972972973,0.13675675675675675,0.04351351351351351,0.040657414170927685,0.0028560993425858286,0.02419308931519326,161,506
59,reweighing,30.0,ALL,42,4200,3942,0.2857142857142857,0.1407142857142857,0.04119047619047619,0.04020408163265306,0.0009863945578231295,0.008157834404400766,173,591
59,reweighing,45.0,0,5,500,497,0.2,0.05,0.008,0.010000000000000002,-0.0020000000000000018,-0.04210526315789473,4,25
59,reweighing,45.0,1,37,3700,3493,0.2972972972972973,0.045675675675675674,0.016756756756756756,0.013579254930606282,0.0031775018261504737,0.07289619079698156,62,169
59,reweighing,45.0,ALL,42,4200,3942,0.2857142857142857,0.04619047619047619,0.015714285714285715,0.013197278911564626,0.0025170068027210897,0.057130798647389736,66,194
59,reweighing,60.0,0,5,500,497,0.2,0.02,0.002,0.004,-0.002,-0.10204081632653061,1,10
59,reweighing,60.0,1,37,3700,3493,0.2972972972972973,0.01972972972972973,0.008108108108108109,0.005865595325054785,0.002242512783053324,0.11594925426122948,30,73
59,reweighing,60.0,ALL,42,4200,3942,0.2857142857142857,0.019761904761904762,0.007380952380952381,0.00564625850340136,0.0017346938775510213,0.08954935603477793,31,83
59,reweighing,90.0,0,5,500,497,0.2,0.004,0.0,0.0008,-0.0008,-0.20080321285140562,0,2
59,reweighing,90.0,1,37,3700,3493,0.2972972972972973,0.004864864864864865,0.002162162162162162,0.0014463111760409058,0.0007158509861212563,0.1478664976763836,8,18
59,reweighing,90.0,ALL,42,4200,3942,0.2857142857142857,0.004761904761904762,0.0019047619047619048,0.001360544217687075,0.0005442176870748298,0.11483253588516751,8,20
59,post_processing,30.0,0,5,500,497,0.4,0.17,0.064,0.068,-0.0040000000000000036,-0.028348688873139627,32,85
59,post_processing,30.0,1,37,3700,3493,0.24324324324324326,0.13675675675675675,0.032432432432432434,0.033265157048940834,-0.0008327246165083999,-0.007053739595734104,120,506
59,post_processing,30.0,ALL,42,4200,3942,0.2619047619047619,0.1407142857142857,0.03619047619047619,0.03685374149659864,-0.00066326530612245,-0.0054854403753729075,152,591
59,post_processing,45.0,0,5,500,497,0.4,0.05,0.016,0.020000000000000004,-0.0040000000000000036,-0.08421052631578946,8,25
59,post_processing,45.0,1,37,3700,3493,0.24324324324324326,0.045675675675675674,0.011351351351351352,0.011110299488677868,0.0002410518626734838,0.005530055853564114,42,169
59,post_processing,45.0,ALL,42,4200,3942,0.2619047619047619,0.04619047619047619,0.011904761904761904,0.012097505668934241,-0.00019274376417233695,-0.004374880977502826,50,194
59,post_processing,60.0,0,5,500,497,0.4,0.02,0.004,0.008,-0.004,-0.20408163265306123,2,10
59,post_processing,60.0,1,37,3700,3493,0.24324324324324326,0.01972972972972973,0.006486486486486486,0.004799123447772097,0.0016873630387143892,0.08724520434639743,24,73
59,post_processing,60.0,ALL,42,4200,3942,0.2619047619047619,0.019761904761904762,0.006190476190476191,0.005175736961451247,0.0010147392290249437,0.05238344683080148,26,83
59,post_processing,90.0,0,5,500,497,0.4,0.004,0.0,0.0016,-0.0016,-0.40160642570281124,0,2
59,post_processing,90.0,1,37,3700,3493,0.24324324324324326,0.004864864864864865,0.0013513513513513514,0.001183345507669832,0.00016800584368151933,0.034703361699559426,5,18
59,post_processing,90.0,ALL,42,4200,3942,0.2619047619047619,0.004761904761904762,0.0011904761904761906,0.0012471655328798188,-5.6689342403628195e-05,-0.011961722488038284,5,20
60,none,30.0,0,10,1000,986,0.2,0.141,0.034,0.0282,0.005800000000000003,0.04788678902566895,34,141
60,none,30.0,1,32,3200,3074,0.15625,0.1346875,0.0225,0.021044921874999997,0.001455078125000002,0.012484928010564417,72,431
60,none,30.0,ALL,42,4200,3964,0.16666666666666666,0.1361904761904762,0.025238095238095237,0.022698412698412697,0.0025396825396825397,0.02158811420112411,106,572
60,none,45.0,0,10,1000,986,0.2,0.049,0.011,0.009800000000000001,0.001199999999999998,0.02575162557136418,11,49
60,none,45.0,1,32,3200,3074,0.15625,0.0471875,0.0065625,0.007373046875,-0.0008105468750000001,-0.01802784106829078,21,151
60,none,45.0,ALL,42,4200,3964,0.16666666666666666,0.047619047619047616,0.007619047619047619,0.007936507936507936,-0.000317460317460317,-0.007000000000000006,32,200
60,none,60.0,0,10,1000,986,0.2,0.018,0.006,0.0036,0.0024000000000000002,0.1357773251866938,6,18
60,none,60.0,1,32,3200,3074,0.15625,0.02125,0.001875,0.0033203125000000003,-0.0014453125000000004,-0.06949139809180375,6,68
60,none,60.0,ALL,42,4200,3964,0.16666666666666666,0.020476190476190478,0.002857142857142857,0.003412698412698413,-0.0005555555555555557,-0.027698951962103313,12,86
60,none,90.0,0,10,1000,986,0.2,0.001,0.0,0.0002,-0.0002,-0.2002002002002002,0,1
60,none,90.0,1,32,3200,3074,0.15625,0.0040625,0.0,0.000634765625,-0.000634765625,-0.15688735487919675,0,13
60,none,90.0,ALL,42,4200,3964,0.16666666666666666,0.0033333333333333335,0.0,0.0005555555555555556,-0.0005555555555555556,-0.16722408026755853,0,14
60,reweighing,30.0,0,10,1000,986,0.2,0.141,0.034,0.0282,0.005800000000000003,0.04788678902566895,34,141
60,reweighing,30.0,1,32,3200,3074,0.15625,0.1346875,0.0225,0.021044921874999997,0.001455078125000002,0.012484928010564417,72,431
60,reweighing,30.0,ALL,42,4200,3964,0.16666666666666666,0.1361904761904762,0.025238095238095237,0.022698412698412697,0.0025396825396825397,0.02158811420112411,106,572
60,reweighing,45.0,0,10,1000,986,0.2,0.049,0.011,0.009800000000000001,0.001199999999999998,0.02575162557136418,11,49
60,reweighing,45.0,1,32,3200,3074,0.15625,0.0471875,0.0065625,0.007373046875,-0.0008105468750000001,-0.01802784106829078,21,151
60,reweighing,45.0,ALL,42,4200,3964,0.16666666666666666,0.047619047619047616,0.007619047619047619,0.007936507936507936,-0.000317460317460317,-0.007000000000000006,32,200
60,reweighing,60.0,0,10,1000,986,0.2,0.018,0.006,0.0036,0.0024000000000000002,0.1357773251866938,6,18
60,reweighing,60.0,1,32,3200,3074,0.15625,0.02125,0.001875,0.0033203125000000003,-0.0014453125000000004,-0.06949139809180375,6,68
60,reweighing,60.0,ALL,42,4200,3964,0.16666666666666666,0.020476190476190478,0.002857142857142857,0.003412698412698413,-0.0005555555555555557,-0.027698951962103313,12,86
60,reweighing,90.0,0,10,1000,986,0.2,0.001,0.0,0.0002,-0.0002,-0.2002002002002002,0,1
60,reweighing,90.0,1,32,3200,3074,0.15625,0.0040625,0.0,0.000634765625,-0.000634765625,-0.15688735487919675,0,13
60,reweighing,90.0,ALL,42,4200,3964,0.16666666666666666,0.0033333333333333335,0.0,0.0005555555555555556,-0.0005555555555555556,-0.16722408026755853,0,14
60,post_processing,30.0,0,10,1000,986,0.1,0.141,0.019,0.0141,0.0049,0.040456080383754825,19,141
60,post_processing,30.0,1,32,3200,3074,0.21875,0.1346875,0.0303125,0.029462890624999998,0.000849609375000001,0.007289857294759089,97,431
60,post_processing,30.0,ALL,42,4200,3964,0.19047619047619047,0.1361904761904762,0.02761904761904762,0.025941043083900227,0.001678004535147392,0.014263575454314142,116,572
60,post_processing,45.0,0,10,1000,986,0.1,0.049,0.006,0.004900000000000001,0.0010999999999999994,0.02360565677375051,6,49
60,post_processing,45.0,1,32,3200,3074,0.21875,0.0471875,0.009375,0.010322265625,-0.0009472656250000006,-0.021068681730412098,30,151
60,post_processing,45.0,ALL,42,4200,3964,0.19047619047619047,0.047619047619047616,0.008571428571428572,0.009070294784580497,-0.0004988662131519255,-0.01100000000000001,36,200
60,post_processing,60.0,0,10,1000,986,0.1,0.018,0.004,0.0018,0.0022,0.12446254808780266,4,18
60,post_processing,60.0,1,32,3200,3074,0.21875,0.02125,0.003125,0.004648437500000001,-0.0015234375000000005,-0.07324768988054992,10,68
60,post_processing,60.0,ALL,42,4200,3964,0.19047619047619047,0.020476190476190478,0.0033333333333333335,0.0039002267573696146,-0.0005668934240362811,-0.028264236696023765,14,86
60,post_processing,90.0,0,10,1000,986,0.1,0.001,0.0,0.0001,-0.0001,-0.1001001001001001,0,1
60,post_processing,90.0,1,32,3200,3074,0.21875,0.0040625,0.0003125,0.000888671875,-0.0005761718750000001,-0.1424054451980401,1,13
60,post_processing,90.0,ALL,42,4200,3964,0.19047619047619047,0.0033333333333333335,0.0002380952380952381,0.0006349206349206349,-0.0003968253968253968,-0.11944577161968467,1,14
61,none,30.0,0,8,800,793,0.375,0.15,0.06,0.056249999999999994,0.0037500000000000033,0.02941176470588236,48,120
61,none,30.0,1,34,3400,3256,0.20588235294117646,0.145,0.02823529411764706,0.029852941176470586,-0.0016176470588235257,-0.013048171476697151,96,493
61,none,30.0,ALL,42,4200,3970,0.23809523809523808,0.14595238095238094,0.03428571428571429,0.03475056689342403,-0.00046485260770974535,-0.003729254317407754,144,613
61,none,45.0,0,8,800,793,0.375,0.05375,0.02375,0.02015625,0.0035937499999999997,0.07065835150993827,19,43
61,none,45.0,1,34,3400,3256,0.20588235294117646,0.058529411764705885,0.011176470588235295,0.012050173010380623,-0.0008737024221453279,-0.01585559788947863,38,199
61,none,45.0,ALL,42,4200,3970,0.23809523809523808,0.05761904761904762,0.013571428571428571,0.013718820861678003,-0.0001473922902494318,-0.0027144521609127337,57,242
61,none,60.0,0,8,800,793,0.375,0.02125,0.01125,0.00796875,0.0032812499999999994,0.15776425512733827,9,17
61,none,60.0,1,34,3400,3256,0.20588235294117646,0.026176470588235294,0.005,0.005389273356401384,-0.000389273356401384,-0.01527085404796405,17,89
61,none,60.0,ALL,42,4200,3970,0.23809523809523808,0.025238095238095237,0.006190476190476191,0.00600907029478458,0.0001814058956916111,0.007373883547944077,26,106
61,none,90.0,0,8,800,793,0.375,0.0025,0.00125,0.0009375,0.00031250000000000006,0.12531328320802004,1,2
61,none,90.0,1,34,3400,3256,0.20588235294117646,0.005588235294117647,0.0014705882352941176,0.0011505190311418686,0.000320069204152249,0.05759740967325144,5,19
61,none,90.0,ALL,42,4200,3970,0.23809523809523808,0.005,0.0014285714285714286,0.0011904761904761904,0.0002380952380952382,0.04785833931562572,6,21
61,reweighing,30.0,0,8,800,793,0.375,0.15,0.06,0.056249999999999994,0.0037500000000000033,0.02941176470588236,48,120
61,reweighing,30.0,1,34,3400,3256,0.20588235294117646,0.145,0.029411764705882353,0.029852941176470586,-0.00044117647058823303,-0.003558592220917395,100,493
61,reweighing,30.0,ALL,42,4200,3970,0.23809523809523808,0.14595238095238094,0.035238095238095235,0.03475056689342403,0.00048752834467120226,0.003911169162159334,148,613
61,reweighing,45.0,0,8,800,793,0.375,0.05375,0.02375,0.02015625,0.0035937499999999997,0.07065835150993827,19,43
61,reweighing,45.0,1,34,3400,3256,0.20588235294117646,0.058529411764705885,0.011176470588235295,0.012050173010380623,-0.0008737024221453279,-0.01585559788947863,38,199
61,reweighing,45.0,ALL,42,4200,3970,0.23809523809523808,0.05761904761904762,0.013571428571428571,0.013718820861678003,-0.0001473922902494318,-0.0027144521609127337,57,242
61,reweighing,60.0,0,8,800,793,0.375,0.02125,0.01125,0.00796875,0.0032812499999999994,0.15776425512733827,9,17
61,reweighing,60.0,1,34,3400,3256,0.20588235294117646,0.026176470588235294,0.004705882352941176,0.005389273356401384,-0.000683391003460208,-0.026808832661981336,16,89
61,reweighing,60.0,ALL,42,4200,3970,0.23809523809523808,0.025238095238095237,0.005952380952380952,0.00600907029478458,-5.6689342403627545e-05,-0.0023043386087325257,25,106
61,reweighing,90.0,0,8,800,793,0.375,0.0025,0.00125,0.0009375,0.00031250000000000006,0.12531328320802004,1,2
61,reweighing,90.0,1,34,3400,3256,0.20588235294117646,0.005588235294117647,0.0014705882352941176,0.0011505190311418686,0.000320069204152249,0.05759740967325144,5,19
61,reweighing,90.0,ALL,42,4200,3970,0.23809523809523808,0.005,0.0014285714285714286,0.0011904761904761904,0.0002380952380952382,0.04785833931562572,6,21
61,post_processing,30.0,0,8,800,793,0.125,0.15,0.0125,0.01875,-0.006249999999999999,-0.04901960784313726,10,120
61,post_processing,30.0,1,34,3400,3256,0.3235294117647059,0.145,0.0488235294117647,0.046911764705882354,0.001911764705882349,0.01542056629064209,166,493
61,post_processing,30.0,ALL,42,4200,3970,0.2857142857142857,0.14595238095238094,0.0419047619047619,0.04170068027210884,0.00020408163265306367,0.0016372336027643541,176,613
61,post_processing,45.0,0,8,800,793,0.125,0.05375,0.00375,0.00671875,-0.00296875,-0.058369942551688134,3,43
61,post_processing,45.0,1,34,3400,3256,0.3235294117647059,0.058529411764705885,0.01911764705882353,0.01893598615916955,0.00018166089965397994,0.0032967084720698647,65,199
61,post_processing,45.0,ALL,42,4200,3970,0.2857142857142857,0.05761904761904762,0.01619047619047619,0.016462585034013603,-0.0002721088435374136,-0.005011296297069645,68,242
61,post_processing,60.0,0,8,800,793,0.125,0.02125,0.00125,0.00265625,-0.0014062500000000002,-0.06761325219743071,1,17
61,post_processing,60.0,1,34,3400,3256,0.3235294117647059,0.026176470588235294,0.008529411764705883,0.00846885813148789,6.0553633217993313e-05,0.0023754661852388725,29,89
61,post_processing,60.0,ALL,42,4200,3970,0.2857142857142857,0.025238095238095237,0.007142857142857143,0.007210884353741496,-6.80272108843534e-05,-0.002765206330479053,30,106
61,post_processing,90.0,0,8,800,793,0.125,0.0025,0.0,0.0003125,-0.0003125,-0.12531328320802004,0,2
61,post_processing,90.0,1,34,3400,3256,0.3235294117647059,0.005588235294117647,0.0014705882352941176,0.0018079584775086506,-0.00033737024221453297,-0.06071078316910289,5,19
61,post_processing,90.0,ALL,42,4200,3970,0.2857142857142857,0.005,0.0011904761904761906,0.0014285714285714286,-0.000238095238095238,-0.047858339315625775,5,21
62,none,30.0,0,5,500,498,0.2,0.148,0.03,0.0296,0.0003999999999999976,0.003172186270777838,15,74
62,none,30.0,1,37,3700,3506,0.16216216216216217,0.14216216216216215,0.02027027027027027,0.023053323593864136,-0.002783053323593864,-0.022820875890373543,75,526
62,none,30.0,ALL,42,4200,3946,0.16666666666666666,0.14285714285714285,0.02142857142857143,0.023809523809523808,-0.0023809523809523794,-0.01944444444444446,90,600
62,none,45.0,0,5,500,498,0.2,0.052,0.01,0.0104,-0.0003999999999999993,-0.008114248620577719,5,26
62,none,45.0,1,37,3700,3506,0.16216216216216217,0.04540540540540541,0.006756756756756757,0.007363038714390066,-0.0006062819576333088,-0.01398775818368117,25,168
62,none,45.0,ALL,42,4200,3946,0.16666666666666666,0.04619047619047619,0.007142857142857143,0.007698412698412698,-0.0005555555555555557,-0.012609951052802243,30,194
62,none,60.0,0,5,500,498,0.2,0.022,0.004,0.0044,-0.0004000000000000002,-0.018590816136828392,2,11
62,none,60.0,1,37,3700,3506,0.16216216216216217,0.022702702702702703,0.0037837837837837837,0.003681519357195033,0.00010226442658875078,0.004609144542772864,14,84
62,none,60.0,ALL,42,4200,3946,0.16666666666666666,0.02261904761904762,0.0038095238095238095,0.0037698412698412695,3.968253968254006e-05,0.001794986858131925,16,95
62,none,90.0,0,5,500,498,0.2,0.006,0.0,0.0012000000000000001,-0.0012000000000000001,-0.2012072434607646,0,3
62,none,90.0,1,37,3700,3506,0.16216216216216217,0.0024324324324324323,0.0005405405405405405,0.0003944485025566107,0.00014609203798392987,0.06020650832354976,2,9
62,none,90.0,ALL,42,4200,3946,0.16666666666666666,0.002857142857142857,0.0004761904761904762,0.0004761904761904762,0.0,0.0,2,12
62,reweighing,30.0,0,5,500,498,0.2,0.148,0.03,0.0296,0.0003999999999999976,0.003172186270777838,15,74
62,reweighing,30.0,1,37,3700,3506,0.16216216216216217,0.14216216216216215,0.02027027027027027,0.023053323593864136,-0.002783053323593864,-0.022820875890373543,75,526
62,reweighing,30.0,ALL,42,4200,3946,0.16666666666666666,0.14285714285714285,0.02142857142857143,0.023809523809523808,-0.0023809523809523794,-0.01944444444444446,90,600
62,reweighing,45.0,0,5,500,498,0.2,0.052,0.01,0.0104,-0.0003999999999999993,-0.008114248620577719,5,26
62,reweighing,45.0,1,37,3700,3506,0.16216216216216217,0.04540540540540541,0.006756756756756757,0.007363038714390066,-0.0006062819576333088,-0.01398775818368117,25,168
62,reweighing,45.0,ALL,42,4200,3946,0.16666666666666666,0.04619047619047619,0.007142857142857143,0.007698412698412698,-0.0005555555555555557,-0.012609951052802243,30,194
62,reweighing,60.0,0,5,500,498,0.2,0.022,0.004,0.0044,-0.0004000000000000002,-0.018590816136828392,2,11
62,reweighing,60.0,1,37,3700,3506,0.16216216216216217,0.022702702702702703,0.0037837837837837837,0.003681519357195033,0.00010226442658875078,0.004609144542772864,14,84
62,reweighing,60.0,ALL,42,4200,3946,0.16666666666666666,0.02261904761904762,0.0038095238095238095,0.0037698412698412695,3.968253968254006e-05,0.001794986858131925,16,95
62,reweighing,90.0,0,5,500,498,0.2,0.006,0.0,0.0012000000000000001,-0.0012000000000000001,-0.2012072434607646,0,3
62,reweighing,90.0,1,37,3700,3506,0.16216216216216217,0.0024324324324324323,0.0005405405405405405,0.0003944485025566107,0.00014609203798392987,0.06020650832354976,2,9
62,reweighing,90.0,ALL,42,4200,3946,0.16666666666666666,0.002857142857142857,0.0004761904761904762,0.0004761904761904762,0.0,0.0,2,12
62,post_processing,30.0,0,5,500,498,0.2,0.148,0.03,0.0296,0.0003999999999999976,0.003172186270777838,15,74
62,post_processing,30.0,1,37,3700,3506,0.21621621621621623,0.14216216216216215,0.02837837837837838,0.030737764791818847,-0.0023593864134404674,-0.019346831791576508,105,526
62,post_processing,30.0,ALL,42,4200,3946,0.21428571428571427,0.14285714285714285,0.02857142857142857,0.03061224489795918,-0.002040816326530609,-0.016666666666666663,120,600
62,post_processing,45.0,0,5,500,498,0.2,0.052,0.01,0.0104,-0.0003999999999999993,-0.008114248620577719,5,26
62,post_processing,45.0,1,37,3700,3506,0.21621621621621623,0.04540540540540541,0.01054054054054054,0.009817384952520089,0.0007231555880204514,0.01668419349619804,39,168
62,post_processing,45.0,ALL,42,4200,3946,0.21428571428571427,0.04619047619047619,0.010476190476190476,0.009897959183673468,0.0005782312925170074,0.013124642932508451,44,194
62,post_processing,60.0,0,5,500,498,0.2,0.022,0.004,0.0044,-0.0004000000000000002,-0.018590816136828392,2,11
62,post_processing,60.0,1,37,3700,3506,0.21621621621621623,0.022702702702702703,0.005135135135135135,0.0049086924762600445,0.00022644265887509021,0.010205962916139899,19,84
62,post_processing,60.0,ALL,42,4200,3946,0.21428571428571427,0.02261904761904762,0.005,0.004846938775510204,0.00015306122448979602,0.0069235207385088815,21,95
62,post_processing,90.0,0,5,500,498,0.2,0.006,0.0,0.0012000000000000001,-0.0012000000000000001,-0.2012072434607646,0,3
62,post_processing,90.0,1,37,3700,3506,0.21621621621621623,0.0024324324324324323,0.0008108108108108108,0.0005259313367421475,0.00028487947406866327,0.11740269123092203,3,9
62,post_processing,90.0,ALL,42,4200,3946,0.21428571428571427,0.002857142857142857,0.0007142857142857143,0.0006122448979591836,0.00010204081632653064,0.0358166189111748,3,12
63,none,30.0,0,6,600,595,0.16666666666666666,0.135,0.02,0.0225,-0.0024999999999999988,-0.02140869192892314,12,81
63,none,30.0,1,36,3600,3416,0.16666666666666666,0.15694444444444444,0.027777777777777776,0.026157407407407407,0.0016203703703703692,0.012246504643466355,100,565
63,none,30.0,ALL,42,4200,3949,0.16666666666666666,0.1538095238095238,0.02666666666666667,0.025634920634920635,0.001031746031746033,0.007927229772932781,112,646
63,none,45.0,0,6,600,595,0.16666666666666666,0.04666666666666667,0.0033333333333333335,0.0077777777777777776,-0.004444444444444444,-0.0999000999000999,2,28
63,none,45.0,1,36,3600,3416,0.16666666666666666,0.059166666666666666,0.01,0.00986111111111111,0.00013888888888888978,0.0024950411058022037,36,213
63,none,45.0,ALL,42,4200,3949,0.16666666666666666,0.05738095238095238,0.009047619047619047,0.009563492063492062,-0.0005158730158730147,-0.009537594367159646,38,241
63,none,60.0,0,6,600,595,0.16666666666666666,0.03166666666666667,0.0033333333333333335,0.005277777777777778,-0.0019444444444444444,-0.06341154090044387,2,19
63,none,60.0,1,36,3600,3416,0.16666666666666666,0.02638888888888889,0.004722222222222222,0.0043981481481481476,0.0003240740740740747,0.01261355957654478,17,95
63,none,60.0,ALL,42,4200,3949,0.16666666666666666,0.027142857142857142,0.004523809523809524,0.004523809523809524,0.0,0.0,19,114
63,none,90.0,0,6,600,595,0.16666666666666666,0.0033333333333333335,0.0016666666666666668,0.0005555555555555556,0.0011111111111111113,0.33444816053511706,1,2
63,none,90.0,1,36,3600,3416,0.16666666666666666,0.0038888888888888888,0.0008333333333333334,0.0006481481481481481,0.00018518518518518526,0.04780495578041588,3,14
63,none,90.0,ALL,42,4200,3949,0.16666666666666666,0.0038095238095238095,0.0009523809523809524,0.0006349206349206349,0.00031746031746031746,0.08365200764818356,4,16
63,reweighing,30.0,0,6,600,595,0.16666666666666666,0.135,0.02,0.0225,-0.0024999999999999988,-0.02140869192892314,12,81
63,reweighing,30.0,1,36,3600,3416,0.16666666666666666,0.15694444444444444,0.027777777777777776,0.026157407407407407,0.0016203703703703692,0.012246504643466355,100,565
63,reweighing,30.0,ALL,42,4200,3949,0.16666666666666666,0.1538095238095238,0.02666666666666667,0.025634920634920635,0.001031746031746033,0.007927229772932781,112,646
63,reweighing,45.0,0,6,600,595,0.16666666666666666,0.04666666666666667,0.0033333333333333335,0.0077777777777777776,-0.004444444444444444,-0.0999000999000999,2,28
63,reweighing,45.0,1,36,3600,3416,0.16666666666666666,0.059166666666666666,0.01,0.00986111111111111,0.00013888888888888978,0.0024950411058022037,36,213
63,reweighing,45.0,ALL,42,4200,3949,0.16666666666666666,0.05738095238095238,0.009047619047619047,0.009563492063492062,-0.0005158730158730147,-0.009537594367159646,38,241
63,reweighing,60.0,0,6,600,595,0.16666666666666666,0.03166666666666667,0.0033333333333333335,0.005277777777777778,-0.0019444444444444444,-0.06341154090044387,2,19
63,reweighing,60.0,1,36,3600,3416,0.16666666666666666,0.02638888888888889,0.004722222222222222,0.0043981481481481476,0.0003240740740740747,0.01261355957654478,17,95
63,reweighing,60.0,ALL,42,4200,3949,0.16666666666666666,0.027142857142857142,0.004523809523809524,0.004523809523809524,0.0,0.0,19,114
63,reweighing,90.0,0,6,600,595,0.16666666666666666,0.0033333333333333335,0.0016666666666666668,0.0005555555555555556,0.0011111111111111113,0.33444816053511706,1,2
63,reweighing,90.0,1,36,3600,3416,0.16666666666666666,0.0038888888888888888,0.0008333333333333334,0.0006481481481481481,0.00018518518518518526,0.04780495578041588,3,14
63,reweighing,90.0,ALL,42,4200,3949,0.16666666666666666,0.0038095238095238095,0.0009523809523809524,0.0006349206349206349,0.00031746031746031746,0.08365200764818356,4,16
63,post_processing,30.0,0,6,600,595,0.16666666666666666,0.135,0.02,0.0225,-0.0024999999999999988,-0.02140869192892314,12,81
63,post_processing,30.0,1,36,3600,3416,0.4166666666666667,0.15694444444444444,0.07083333333333333,0.06539351851851852,0.005439814814814814,0.04111326558877987,255,565
63,post_processing,30.0,ALL,42,4200,3949,0.38095238095238093,0.1538095238095238,0.06357142857142857,0.05859410430839002,0.0049773242630385475,0.038242350223269106,267,646
63,post_processing,45.0,0,6,600,595,0.16666666666666666,0.04666666666666667,0.0033333333333333335,0.0077777777777777776,-0.004444444444444444,-0.0999000999000999,2,28
63,post_processing,45.0,1,36,3600,3416,0.4166666666666667,0.059166666666666666,0.02666666666666667,0.024652777777777777,0.0020138888888888914,0.03617809603413219,96,213
63,post_processing,45.0,ALL,42,4200,3949,0.38095238095238093,0.05738095238095238,0.023333333333333334,0.021859410430839,0.0014739229024943352,0.027250269620456125,98,241
63,post_processing,60.0,0,6,600,595,0.16666666666666666,0.03166666666666667,0.0033333333333333335,0.005277777777777778,-0.0019444444444444444,-0.06341154090044387,2,19
63,post_processing,60.0,1,36,3600,3416,0.4166666666666667,0.02638888888888889,0.013055555555555556,0.01099537037037037,0.0020601851851851857,0.08018620016517752,47,95
63,post_processing,60.0,ALL,42,4200,3949,0.38095238095238093,0.027142857142857142,0.011666666666666667,0.010340136054421767,0.0013265306122449,0.05023572146224592,49,114
63,post_processing,90.0,0,6,600,595,0.16666666666666666,0.0033333333333333335,0.0016666666666666668,0.0005555555555555556,0.0011111111111111113,0.33444816053511706,1,2
63,post_processing,90.0,1,36,3600,3416,0.4166666666666667,0.0038888888888888888,0.001388888888888889,0.0016203703703703703,-0.00023148148148148138,-0.05975619472551985,5,14
63,post_processing,90.0,ALL,42,4200,3949,0.38095238095238093,0.0038095238095238095,0.0014285714285714286,0.0014512471655328796,-2.267573696145106e-05,-0.005975143403441685,6,16
64,none,30.0,0,9,900,889,0.3333333333333333,0.14777777777777779,0.052222222222222225,0.04925925925925926,0.002962962962962966,0.02352687455274427,47,133
64,none,30.0,1,33,3300,3128,0.21212121212121213,0.1390909090909091,0.030303030303030304,0.02950413223140496,0.0007988980716253438,0.006671681931014833,100,459
64,none,30.0,ALL,42,4200,3942,0.23809523809523808,0.14095238095238094,0.035,0.03356009070294784,0.0014399092970521638,0.011891742074668893,147,592
64,none,45.0,0,9,900,889,0.3333333333333333,0.052222222222222225,0.01888888888888889,0.017407407407407406,0.001481481481481483,0.02993190491631542,17,47
64,none,45.0,1,33,3300,3128,0.21212121212121213,0.05272727272727273,0.012727272727272728,0.01118457300275482,0.0015426997245179073,0.030886667990381006,42,174
64,none,45.0,ALL,42,4200,3942,0.23809523809523808,0.05261904761904762,0.014047619047619048,0.012528344671201813,0.0015192743764172352,0.030476744992659427,59,221
64,none,60.0,0,9,900,889,0.3333333333333333,0.014444444444444444,0.0022222222222222222,0.004814814814814814,-0.002592592592592592,-0.18211776949093744,2,13
64,none,60.0,1,33,3300,3128,0.21212121212121213,0.02393939393939394,0.0048484848484848485,0.005078053259871442,-0.0002295684113865935,-0.009824765482847941,16,79
64,none,60.0,ALL,42,4200,3942,0.23809523809523808,0.021904761904761906,0.004285714285714286,0.005215419501133787,-0.0009297052154195011,-0.04339359044917657,18,92
64,none,90.0,0,9,900,889,0.3333333333333333,0.0,0.0,0.0,0.0,,0,0
64,none,90.0,1,33,3300,3128,0.21212121212121213,0.0024242424242424242,0.0006060606060606061,0.0005142332415059688,9.182736455463729e-05,0.03797083839611179,2,8
64,none,90.0,ALL,42,4200,3942,0.23809523809523808,0.0019047619047619048,0.0004761904761904762,0.0004535147392290249,2.2675736961451278e-05,0.011927480916030547,2,8
64,reweighing,30.0,0,9,900,889,0.2222222222222222,0.14777777777777779,0.03111111111111111,0.032839506172839504,-0.0017283950617283939,-0.013724010155767519,28,133
64,reweighing,30.0,1,33,3300,3128,0.21212121212121213,0.1390909090909091,0.03212121212121212,0.02950413223140496,0.00261707988980716,0.021855509774014015,106,459
64,reweighing,30.0,ALL,42,4200,3942,0.21428571428571427,0.14095238095238094,0.03190476190476191,0.030204081632653056,0.0017006802721088524,0.01404536465512074,134,592
64,reweighing,45.0,0,9,900,889,0.2222222222222222,0.052222222222222225,0.008888888888888889,0.011604938271604939,-0.0027160493827160497,-0.054875159013244884,8,47
64,reweighing,45.0,1,33,3300,3128,0.21212121212121213,0.05272727272727273,0.012121212121212121,0.01118457300275482,0.0009366391184573008,0.01875261985130275,40,174
64,reweighing,45.0,ALL,42,4200,3942,0.21428571428571427,0.05261904761904762,0.011428571428571429,0.011275510204081633,0.00015306122448979602,0.0030704183388127193,48,221
64,reweighing,60.0,0,9,900,889,0.2222222222222222,0.014444444444444444,0.0011111111111111111,0.0032098765432098763,-0.0020987654320987655,-0.14742867054028272,1,13
64,reweighing,60.0,1,33,3300,3128,0.21212121212121213,0.02393939393939394,0.0048484848484848485,0.005078053259871442,-0.0002295684113865935,-0.009824765482847941,16,79
64,reweighing,60.0,ALL,42,4200,3942,0.21428571428571427,0.021904761904761906,0.004047619047619047,0.004693877551020408,-0.0006462585034013608,-0.030163837263452037,17,92
64,reweighing,90.0,0,9,900,889,0.2222222222222222,0.0,0.0,0.0,0.0,,0,0
64,reweighing,90.0,1,33,3300,3128,0.21212121212121213,0.0024242424242424242,0.0006060606060606061,0.0005142332415059688,9.182736455463729e-05,0.03797083839611179,2,8
64,reweighing,90.0,ALL,42,4200,3942,0.21428571428571427,0.0019047619047619048,0.0004761904761904762,0.0004081632653061224,6.802721088435378e-05,0.035782442748091614,2,8
64,post_processing,30.0,0,9,900,889,0.4444444444444444,0.14777777777777779,0.06444444444444444,0.06567901234567901,-0.001234567901234565,-0.009802864396976807,58,133
64,post_processing,30.0,1,33,3300,3128,0.18181818181818182,0.1390909090909091,0.027878787878787878,0.02528925619834711,0.002589531680440769,0.02162545177639283,92,459
64,post_processing,30.0,ALL,42,4200,3942,0.23809523809523808,0.14095238095238094,0.03571428571428571,0.03356009070294784,0.0021541950113378727,0.017790795229819634,150,592
64,post_processing,45.0,0,9,900,889,0.4444444444444444,0.052222222222222225,0.021111111111111112,0.023209876543209877,-0.0020987654320987655,-0.04240353196478014,19,47
64,post_processing,45.0,1,33,3300,3128,0.18181818181818182,0.05272727272727273,0.011212121212121211,0.009586776859504133,0.0016253443526170787,0.03254131091843712,37,174
64,post_processing,45.0,ALL,42,4200,3942,0.23809523809523808,0.05261904761904762,0.013333333333333334,0.012528344671201813,0.000804988662131521,0.016148126078200126,56,221
64,post_processing,60.0,0,9,900,889,0.4444444444444444,0.014444444444444444,0.0033333333333333335,0.006419753086419753,-0.003086419753086419,-0.2168068684415922,3,13
64,post_processing,60.0,1,33,3300,3128,0.18181818181818182,0.02393939393939394,0.004545454545454545,0.004352617079889808,0.00019283746556473733,0.00825280300559228,15,79
64,post_processing,60.0,ALL,42,4200,3942,0.23809523809523808,0.021904761904761906,0.004285714285714286,0.005215419501133787,-0.0009297052154195011,-0.04339359044917657,18,92
64,post_processing,90.0,0,9,900,889,0.4444444444444444,0.0,0.0,0.0,0.0,,0,0
64,post_processing,90.0,1,33,3300,3128,0.18181818181818182,0.0024242424242424242,0.0006060606060606061,0.00044077134986225897,0.0001652892561983471,0.06834750911300122,2,8
64,post_processing,90.0,ALL,42,4200,3942,0.23809523809523808,0.0019047619047619048,0.0004761904761904762,0.0004535147392290249,2.2675736961451278e-05,0.011927480916030547,2,8
65,none,30.0,0,5,500,495,0.4,0.152,0.072,0.0608,0.011199999999999995,0.08689175769612706,36,76
65,none,30.0,1,37,3700,3481,0.21621621621621623,0.1491891891891892,0.03432432432432433,0.03225712198685172,0.0020672023374726095,0.01628593263723918,127,552
65,none,30.0,ALL,42,4200,3935,0.23809523809523808,0.14952380952380953,0.03880952380952381,0.035600907029478455,0.003208616780045352,0.02523163172873233,163,628
65,none,45.0,0,5,500,495,0.4,0.044,0.028,0.0176,0.0104,0.24724229745150245,14,22
65,none,45.0,1,37,3700,3481,0.21621621621621623,0.05405405405405406,0.012432432432432432,0.011687363038714392,0.0007450693937180401,0.014571428571428569,46,200
65,none,45.0,ALL,42,4200,3935,0.23809523809523808,0.05285714285714286,0.014285714285714285,0.012585034013605442,0.0017006802721088437,0.033970622205916345,60,222
65,none,60.0,0,5,500,495,0.4,0.02,0.006,0.008,-0.002,-0.10204081632653061,3,10
65,none,60.0,1,37,3700,3481,0.21621621621621623,0.023513513513513513,0.004864864864864865,0.00508400292184076,-0.00021913805697589515,-0.009544079330387395,18,87
65,none,60.0,ALL,42,4200,3935,0.23809523809523808,0.023095238095238096,0.005,0.005498866213151927,-0.0004988662131519273,-0.02211105276249964,21,97
65,none,90.0,0,5,500,495,0.4,0.0,0.0,0.0,0.0,,0,0
65,none,90.0,1,37,3700,3481,0.21621621621621623,0.004864864864864865,0.001081081081081081,0.001051862673484295,2.9218407596786093e-05,0.006035367252097273,4,18
65,none,90.0,ALL,42,4200,3935,0.23809523809523808,0.004285714285714286,0.0009523809523809524,0.0010204081632653062,-6.802721088435383e-05,-0.015941335883947083,4,18
65,reweighing,30.0,0,5,500,495,0.4,0.152,0.072,0.0608,0.011199999999999995,0.08689175769612706,36,76
65,reweighing,30.0,1,37,3700,3481,0.1891891891891892,0.1491891891891892,0.03054054054054054,0.028224981738495254,0.0023155588020452866,0.01824254645231385,113,552
65,reweighing,30.0,ALL,42,4200,3935,0.21428571428571427,0.14952380952380953,0.035476190476190474,0.032040816326530615,0.003435374149659859,0.027014785914508455,149,628
65,reweighing,45.0,0,5,500,495,0.4,0.044,0.028,0.0176,0.0104,0.24724229745150245,14,22
65,reweighing,45.0,1,37,3700,3481,0.1891891891891892,0.05405405405405406,0.010810810810810811,0.010226442658875092,0.0005843681519357193,0.011428571428571427,40,200
65,reweighing,45.0,ALL,42,4200,3935,0.21428571428571427,0.05285714285714286,0.012857142857142857,0.011326530612244898,0.0015306122448979585,0.03057355998532471,54,222
65,reweighing,60.0,0,5,500,495,0.4,0.02,0.006,0.008,-0.002,-0.10204081632653061,3,10
65,reweighing,60.0,1,37,3700,3481,0.1891891891891892,0.023513513513513513,0.004054054054054054,0.004448502556610665,-0.0003944485025566104,-0.017179342794697294,15,87
65,reweighing,60.0,ALL,42,4200,3935,0.21428571428571427,0.023095238095238096,0.004285714285714286,0.004948979591836734,-0.0006632653061224483,-0.029397649695596134,18,97
65,reweighing,90.0,0,5,500,495,0.4,0.0,0.0,0.0,0.0,,0,0
65,reweighing,90.0,1,37,3700,3481,0.1891891891891892,0.004864864864864865,0.0008108108108108108,0.0009203798392987582,-0.00010956902848794747,-0.02263262719536485,3,18
65,reweighing,90.0,ALL,42,4200,3935,0.21428571428571427,0.004285714285714286,0.0007142857142857143,0.0009183673469387755,-0.00020408163265306118,-0.04782400765184122,3,18
65,post_processing,30.0,0,5,500,495,0.4,0.152,0.072,0.0608,0.011199999999999995,0.08689175769612706,36,76
65,post_processing,30.0,1,37,3700,3481,0.16216216216216217,0.1491891891891892,0.026486486486486487,0.02419284149013879,0.0022936449963476963,0.01806990405686612,98,552
65,post_processing,30.0,ALL,42,4200,3935,0.19047619047619047,0.14952380952380953,0.03190476190476191,0.028480725623582767,0.003424036281179141,0.026925628205219654,134,628
65,post_processing,45.0,0,5,500,495,0.4,0.044,0.028,0.0176,0.0104,0.24724229745150245,14,22
65,post_processing,45.0,1,37,3700,3481,0.16216216216216217,0.05405405405405406,0.00891891891891892,0.008765522279035794,0.00015339663988312574,0.0030000000000000027,33,200
65,post_processing,45.0,ALL,42,4200,3935,0.19047619047619047,0.05285714285714286,0.01119047619047619,0.010068027210884354,0.0011224489795918363,0.022420610655904782,47,222
65,post_processing,60.0,0,5,500,495,0.4,0.02,0.006,0.008,-0.002,-0.10204081632653061,3,10
65,post_processing,60.0,1,37,3700,3481,0.16216216216216217,0.023513513513513513,0.0035135135135135136,0.00381300219138057,-0.0002994886778670564,-0.013043575084862757,13,87
65,post_processing,60.0,ALL,42,4200,3935,0.19047619047619047,0.023095238095238096,0.0038095238095238095,0.004399092970521542,-0.0005895691609977324,-0.026131244173863227,16,97
65,post_processing,90.0,0,5,500,495,0.4,0.0,0.0,0.0,0.0,,0,0
65,post_processing,90.0,1,37,3700,3481,0.16216216216216217,0.004864864864864865,0.0008108108108108108,0.0007888970051132214,2.1913805697589407e-05,0.004526525439072948,3,18
65,post_processing,90.0,ALL,42,4200,3935,0.19047619047619047,0.004285714285714286,0.0007142857142857143,0.0008163265306122449,-0.00010204081632653064,-0.023912003825920625,3,18
66,none,30.0,0,5,500,495,0.4,0.142,0.054,0.056799999999999996,-0.002799999999999997,-0.0229817131225582,27,71
66,none,30.0,1,37,3700,3506,0.08108108108108109,0.13972972972972972,0.01108108108108108,0.011329437545653761,-0.0002483564645726806,-0.00206610189163782,41,517
66,none,30.0,ALL,42,4200,3959,0.11904761904761904,0.14,0.01619047619047619,0.016666666666666666,-0.0004761904761904773,-0.003955070400253127,68,588
66,none,45.0,0,5,500,495,0.4,0.046,0.02,0.0184,0.0016000000000000007,0.036459757542612325,10,23
66,none,45.0,1,37,3700,3506,0.08108108108108109,0.046216216216216216,0.0035135135135135136,0.0037472607742878015,-0.00023374726077428788,-0.005302762905184943,13,171
66,none,45.0,ALL,42,4200,3959,0.11904761904761904,0.04619047619047619,0.0054761904761904765,0.005498866213151927,-2.2675736961450844e-05,-0.0005146918797062222,23,194
66,none,60.0,0,5,500,495,0.4,0.02,0.008,0.008,0.0,0.0,4,10
66,none,60.0,1,37,3700,3506,0.08108108108108109,0.01756756756756757,0.0018918918918918919,0.0014243973703433166,0.0004674945215485753,0.027087080732197663,7,65
66,none,60.0,ALL,42,4200,3959,0.11904761904761904,0.017857142857142856,0.002619047619047619,0.002125850340136054,0.0004931972789115648,0.028121212121212116,11,75
66,none,90.0,0,5,500,495,0.4,0.004,0.004,0.0016,0.0024000000000000002,0.6024096385542168,2,2
66,none,90.0,1,37,3700,3506,0.08108108108108109,0.0024324324324324323,0.0002702702702702703,0.00019722425127830534,7.304601899196493e-05,0.03010325416177488,1,9
66,none,90.0,ALL,42,4200,3959,0.11904761904761904,0.002619047619047619,0.0007142857142857143,0.00031179138321995464,0.00040249433106575964,0.15408320493066252,3,11
66,reweighing,30.0,0,5,500,495,0.2,0.142,0.034,0.028399999999999998,0.005600000000000004,0.04596342624511637,17,71
66,reweighing,30.0,1,37,3700,3506,0.13513513513513514,0.13972972972972972,0.02027027027027027,0.018882395909422936,0.0013878743608473354,0.011545863512093663,75,517
66,reweighing,30.0,ALL,42,4200,3959,0.14285714285714285,0.14,0.021904761904761906,0.02,0.0019047619047619056,0.01582028160101251,92,588
66,reweighing,45.0,0,5,500,495,0.2,0.046,0.01,0.0092,0.0008000000000000004,0.018229878771306163,5,23
66,reweighing,45.0,1,37,3700,3506,0.13513513513513514,0.046216216216216216,0.0075675675675675675,0.006245434623813002,0.0013221329437545651,0.02999375268245233,28,171
66,reweighing,45.0,ALL,42,4200,3959,0.14285714285714285,0.04619047619047619,0.007857142857142858,0.006598639455782313,0.0012585034013605449,0.028565399323694868,33,194
66,reweighing,60.0,0,5,500,495,0.2,0.02,0.002,0.004,-0.002,-0.10204081632653061,1,10
66,reweighing,60.0,1,37,3700,3506,0.13513513513513514,0.01756756756756757,0.0035135135135135136,0.0023739956172388606,0.001139517896274653,0.06602475928473178,13,65
66,reweighing,60.0,ALL,42,4200,3959,0.14285714285714285,0.017857142857142856,0.0033333333333333335,0.002551020408163265,0.0007823129251700684,0.04460606060606062,14,75
66,reweighing,90.0,0,5,500,495,0.2,0.004,0.0,0.0008,-0.0008,-0.20080321285140562,0,2
66,reweighing,90.0,1,37,3700,3506,0.13513513513513514,0.0024324324324324323,0.0002702702702702703,0.00032870708546384224,-5.843681519357197e-05,-0.024082603329419916,1,9
66,reweighing,90.0,ALL,42,4200,3959,0.14285714285714285,0.002619047619047619,0.0002380952380952381,0.00037414965986394555,-0.00013605442176870745,-0.05208446363853381,1,11
66,post_processing,30.0,0,5,500,495,0.4,0.142,0.054,0.056799999999999996,-0.002799999999999997,-0.0229817131225582,27,71
66,post_processing,30.0,1,37,3700,3506,0.08108108108108109,0.13972972972972972,0.01108108108108108,0.011329437545653761,-0.0002483564645726806,-0.00206610189163782,41,517
66,post_processing,30.0,ALL,42,4200,3959,0.11904761904761904,0.14,0.01619047619047619,0.016666666666666666,-0.0004761904761904773,-0.003955070400253127,68,588
66,post_processing,45.0,0,5,500,495,0.4,0.046,0.02,0.0184,0.0016000000000000007,0.036459757542612325,10,23
66,post_processing,45.0,1,37,3700,3506,0.08108108108108109,0.046216216216216216,0.0035135135135135136,0.0037472607742878015,-0.00023374726077428788,-0.005302762905184943,13,171
66,post_processing,45.0,ALL,42,4200,3959,0.11904761904761904,0.04619047619047619,0.0054761904761904765,0.005498866213151927,-2.2675736961450844e-05,-0.0005146918797062222,23,194
66,post_processing,60.0,0,5,500,495,0.4,0.02,0.008,0.008,0.0,0.0,4,10
66,post_processing,60.0,1,37,3700,3506,0.08108108108108109,0.01756756756756757,0.0018918918918918919,0.0014243973703433166,0.0004674945215485753,0.027087080732197663,7,65
66,post_processing,60.0,ALL,42,4200,3959,0.11904761904761904,0.017857142857142856,0.002619047619047619,0.002125850340136054,0.0004931972789115648,0.028121212121212116,11,75
66,post_processing,90.0,0,5,500,495,0.4,0.004,0.004,0.0016,0.0024000000000000002,0.6024096385542168,2,2
66,post_processing,90.0,1,37,3700,3506,0.08108108108108109,0.0024324324324324323,0.0002702702702702703,0.00019722425127830534,7.304601899196493e-05,0.03010325416177488,1,9
66,post_processing,90.0,ALL,42,4200,3959,0.11904761904761904,0.002619047619047619,0.0007142857142857143,0.00031179138321995464,0.00040249433106575964,0.15408320493066252,3,11
67,none,30.0,0,8,800,788,0.25,0.125,0.03125,0.03125,0.0,0.0,25,100
67,none,30.0,1,34,3400,3227,0.23529411764705882,0.1497058823529412,0.03470588235294118,0.03522491349480969,-0.0005190311418685131,-0.004077419319764131,118,509
67,none,30.0,ALL,42,4200,3936,0.23809523809523808,0.145,0.03404761904761905,0.03452380952380952,-0.00047619047619047034,-0.003841020174958465,143,609
67,none,45.0,0,8,800,788,0.25,0.03875,0.01,0.0096875,0.0003125000000000003,0.008389613658291023,8,31
67,none,45.0,1,34,3400,3227,0.23529411764705882,0.054411764705882354,0.014411764705882353,0.012802768166089966,0.0016089965397923876,0.03127232987264092,49,185
67,none,45.0,ALL,42,4200,3936,0.23809523809523808,0.05142857142857143,0.013571428571428571,0.012244897959183673,0.0013265306122448983,0.027192101740294516,57,216
67,none,60.0,0,8,800,788,0.25,0.0125,0.0025,0.003125,-0.0006250000000000001,-0.050632911392405056,2,10
67,none,60.0,1,34,3400,3227,0.23529411764705882,0.02176470588235294,0.005294117647058823,0.005121107266435986,0.00017301038062283742,0.008125985275714703,18,74
67,none,60.0,ALL,42,4200,3936,0.23809523809523808,0.02,0.004761904761904762,0.0047619047619047615,8.673617379884035e-19,0.0,20,84
67,none,90.0,0,8,800,788,0.25,0.00375,0.0,0.0009375,-0.0009375,-0.25094102885821834,0,3
67,none,90.0,1,34,3400,3227,0.23529411764705882,0.0058823529411764705,0.0008823529411764706,0.001384083044982699,-0.0005017301038062283,-0.08579881656804733,3,20
67,none,90.0,ALL,42,4200,3936,0.23809523809523808,0.0054761904761904765,0.0007142857142857143,0.0013038548752834468,-0.0005895691609977325,-0.10825327101830937,3,23
67,reweighing,30.0,0,8,800,788,0.25,0.125,0.03125,0.03125,0.0,0.0,25,100
67,reweighing,30.0,1,34,3400,3227,0.29411764705882354,0.1497058823529412,0.04205882352941177,0.04403114186851212,-0.0019723183391003526,-0.015494193415103719,143,509
67,reweighing,30.0,ALL,42,4200,3936,0.2857142857142857,0.145,0.04,0.041428571428571426,-0.0014285714285714249,-0.011523060524875395,168,609
67,reweighing,45.0,0,8,800,788,0.25,0.03875,0.01,0.0096875,0.0003125000000000003,0.008389613658291023,8,31
67,reweighing,45.0,1,34,3400,3227,0.29411764705882354,0.054411764705882354,0.017058823529411765,0.01600346020761246,0.001055363321799306,0.020511958303560174,58,185
67,reweighing,45.0,ALL,42,4200,3936,0.2857142857142857,0.05142857142857143,0.015714285714285715,0.014693877551020407,0.001020408163265308,0.020917001338688124,66,216
67,reweighing,60.0,0,8,800,788,0.25,0.0125,0.0025,0.003125,-0.0006250000000000001,-0.050632911392405056,2,10
67,reweighing,60.0,1,34,3400,3227,0.29411764705882354,0.02176470588235294,0.006764705882352941,0.006401384083044983,0.00036332179930795815,0.017064569079000835,23,74
67,reweighing,60.0,ALL,42,4200,3936,0.2857142857142857,0.02,0.005952380952380952,0.005714285714285714,0.00023809523809523777,0.012147716229348904,25,84
67,reweighing,90.0,0,8,800,788,0.25,0.00375,0.0,0.0009375,-0.0009375,-0.25094102885821834,0,3
67,reweighing,90.0,1,34,3400,3227,0.29411764705882354,0.0058823529411764705,0.001176470588235294,0.0017301038062283738,-0.0005536332179930797,-0.09467455621301774,4,20
67,reweighing,90.0,ALL,42,4200,3936,0.2857142857142857,0.0054761904761904765,0.0009523809523809524,0.001564625850340136,-0.0006122448979591836,-0.11241685836516746,4,23
67,post_processing,30.0,0,8,800,788,0.25,0.125,0.03125,0.03125,0.0,0.0,25,100
67,post_processing,30.0,1,34,3400,3227,0.38235294117647056,0.1497058823529412,0.05794117647058823,0.05724048442906574,0.0007006920415224896,0.005504516081681565,197,509
67,post_processing,30.0,ALL,42,4200,3936,0.35714285714285715,0.145,0.05285714285714286,0.05178571428571428,0.0010714285714285773,0.008642295393656574,222,609
67,post_processing,45.0,0,8,800,788,0.25,0.03875,0.01,0.0096875,0.0003125000000000003,0.008389613658291023,8,31
67,post_processing,45.0,1,34,3400,3227,0.38235294117647056,0.054411764705882354,0.022941176470588236,0.020804498269896193,0.0021366782006920423,0.041528309024421006,78,185
67,post_processing,45.0,ALL,42,4200,3936,0.35714285714285715,0.05142857142857143,0.020476190476190478,0.018367346938775512,0.002108843537414966,0.04322846943328873,86,216
67,post_processing,60.0,0,8,800,788,0.25,0.0125,0.0025,0.003125,-0.0006250000000000001,-0.050632911392405056,2,10
67,post_processing,60.0,1,34,3400,3227,0.38235294117647056,0.02176470588235294,0.00823529411764706,0.008321799307958476,-8.650519031141654e-05,-0.00406299263785731,28,74
67,post_processing,60.0,ALL,42,4200,3936,0.35714285714285715,0.02,0.007142857142857143,0.0071428571428571435,-8.673617379884035e-19,0.0,30,84
67,post_processing,90.0,0,8,800,788,0.25,0.00375,0.0,0.0009375,-0.0009375,-0.25094102885821834,0,3
67,post_processing,90.0,1,34,3400,3227,0.38235294117647056,0.0058823529411764705,0.0014705882352941176,0.0022491349480968856,-0.000778546712802768,-0.13313609467455623,5,20
67,post_processing,90.0,ALL,42,4200,3936,0.35714285714285715,0.0054761904761904765,0.0011904761904761906,0.0019557823129251702,-0.0007653061224489797,-0.1405210729564593,5,23
68,none,30.0,0,8,800,794,0.5,0.145,0.075,0.0725,0.0025000000000000022,0.020165355918532024,60,116
68,none,30.0,1,34,3400,3219,0.20588235294117646,0.14823529411764705,0.030294117647058822,0.03051903114186851,-0.00022491349480968648,-0.0017813294746996389,103,504
68,none,30.0,ALL,42,4200,3940,0.2619047619047619,0.14761904761904762,0.03880952380952381,0.038662131519274376,0.0001473922902494318,0.0011713822310325805,163,620
68,none,45.0,0,8,800,794,0.5,0.04875,0.02375,0.024375,-0.0006250000000000006,-0.013477543043903084,19,39
68,none,45.0,1,34,3400,3219,0.20588235294117646,0.05764705882352941,0.009705882352941177,0.011868512110726643,-0.0021626297577854656,-0.03980993146322201,33,196
68,none,45.0,ALL,42,4200,3940,0.2619047619047619,0.055952380952380955,0.012380952380952381,0.01465419501133787,-0.0022732426303854886,-0.04303614069920314,52,235
68,none,60.0,0,8,800,794,0.5,0.025,0.01125,0.0125,-0.0012500000000000011,-0.051282051282051266,9,20
68,none,60.0,1,34,3400,3219,0.20588235294117646,0.027352941176470587,0.004411764705882353,0.005631487889273356,-0.0012197231833910027,-0.045846054800667224,15,93
68,none,60.0,ALL,42,4200,3940,0.2619047619047619,0.026904761904761904,0.005714285714285714,0.007046485260770975,-0.0013321995464852607,-0.050884414428654656,24,113
68,none,90.0,0,8,800,794,0.5,0.0025,0.00125,0.00125,0.0,0.0,1,2
68,none,90.0,1,34,3400,3219,0.20588235294117646,0.004411764705882353,0.0002941176470588235,0.0009083044982698961,-0.0006141868512110726,-0.1398325947808961,1,15
68,none,90.0,ALL,42,4200,3940,0.2619047619047619,0.004047619047619047,0.0004761904761904762,0.0010600907029478458,-0.0005839002267573697,-0.144843976318713,2,17
68,reweighing,30.0,0,8,800,794,0.5,0.145,0.075,0.0725,0.0025000000000000022,0.020165355918532024,60,116
68,reweighing,30.0,1,34,3400,3219,0.17647058823529413,0.14823529411764705,0.027352941176470587,0.02615916955017301,0.001193771626297576,0.009454748750328867,93,504
68,reweighing,30.0,ALL,42,4200,3940,0.23809523809523808,0.14761904761904762,0.03642857142857143,0.035147392290249435,0.001281179138321993,0.010182014777437381,153,620
68,reweighing,45.0,0,8,800,794,0.5,0.04875,0.02375,0.024375,-0.0006250000000000006,-0.013477543043903084,19,39
68,reweighing,45.0,1,34,3400,3219,0.17647058823529413,0.05764705882352941,0.008823529411764706,0.010173010380622838,-0.0013494809688581327,-0.02484139723305051,30,196
68,reweighing,45.0,ALL,42,4200,3940,0.23809523809523808,0.055952380952380955,0.011666666666666667,0.013321995464852607,-0.0016553287981859403,-0.03133803761637735,49,235
68,reweighing,60.0,0,8,800,794,0.5,0.025,0.01125,0.0125,-0.0012500000000000011,-0.051282051282051266,9,20
68,reweighing,60.0,1,34,3400,3219,0.17647058823529413,0.027352941176470587,0.003823529411764706,0.004826989619377163,-0.0010034602076124566,-0.03771732167998154,13,93
68,reweighing,60.0,ALL,42,4200,3940,0.23809523809523808,0.026904761904761904,0.005238095238095238,0.006405895691609977,-0.0011678004535147389,-0.044605061158735554,22,113
68,reweighing,90.0,0,8,800,794,0.5,0.0025,0.00125,0.00125,0.0,0.0,1,2
68,reweighing,90.0,1,34,3400,3219,0.17647058823529413,0.004411764705882353,0.0002941176470588235,0.0007785467128027682,-0.00048442906574394466,-0.11029049729197439,1,15
68,reweighing,90.0,ALL,42,4200,3940,0.23809523809523808,0.004047619047619047,0.0004761904761904762,0.0009637188208616779,-0.0004875283446712017,-0.12093768896513901,2,17
68,post_processing,30.0,0,8,800,794,0.375,0.145,0.0525,0.05437499999999999,-0.0018749999999999947,-0.015124016938898976,42,116
68,post_processing,30.0,1,34,3400,3219,0.38235294117647056,0.14823529411764705,0.05823529411764706,0.05667820069204151,0.0015570934256055463,0.012332280978689825,198,504
68,post_processing,30.0,ALL,42,4200,3940,0.38095238095238093,0.14761904761904762,0.05714285714285714,0.05623582766439909,0.0009070294784580477,0.0072085060371238074,240,620
68,post_processing,45.0,0,8,800,794,0.375,0.04875,0.0175,0.01828125,-0.0007812499999999972,-0.01684692880487887,14,39
68,post_processing,45.0,1,34,3400,3219,0.38235294117647056,0.05764705882352941,0.022058823529411766,0.02204152249134948,1.7301038062286778e-05,0.0003184794517057665,75,196
68,post_processing,45.0,ALL,42,4200,3940,0.38095238095238093,0.055952380952380955,0.02119047619047619,0.021315192743764172,-0.0001247165532879818,-0.0023610850258914406,89,235
68,post_processing,60.0,0,8,800,794,0.375,0.025,0.0075,0.009375000000000001,-0.0018750000000000017,-0.07692307692307693,6,20
68,post_processing,60.0,1,34,3400,3219,0.38235294117647056,0.027352941176470587,0.00823529411764706,0.010458477508650518,-0.002223183391003459,-0.08356337648064871,28,93
68,post_processing,60.0,ALL,42,4200,3940,0.38095238095238093,0.026904761904761904,0.008095238095238095,0.010249433106575962,-0.0021541950113378675,-0.08228118077825003,34,113
68,post_processing,90.0,0,8,800,794,0.375,0.0025,0.00125,0.0009375,0.00031250000000000006,0.12531328320802004,1,2
68,post_processing,90.0,1,34,3400,3219,0.38235294117647056,0.004411764705882353,0.001176470588235294,0.0016868512110726642,-0.0005103806228373702,-0.11619891678975874,4,15
68,post_processing,90.0,ALL,42,4200,3940,0.38095238095238093,0.004047619047619047,0.0011904761904761906,0.0015419501133786845,-0.00035147392290249394,-0.0871876362306816,5,17
69,none,30.0,0,5,500,498,0.4,0.142,0.052,0.056799999999999996,-0.004799999999999999,-0.03939722249581401,26,71
69,none,30.0,1,37,3700,3516,0.2702702702702703,0.15,0.03891891891891892,0.04054054054054054,-0.0016216216216216259,-0.012718600953895043,144,555
69,none,30.0,ALL,42,4200,3956,0.2857142857142857,0.14904761904761904,0.04047619047619048,0.04258503401360544,-0.002108843537414959,-0.01662700619132501,170,626
69,none,45.0,0,5,500,498,0.4,0.06,0.022,0.024,-0.0020000000000000018,-0.03546099290780147,11,30
69,none,45.0,1,37,3700,3516,0.2702702702702703,0.052702702702702706,0.013783783783783784,0.014243973703433164,-0.0004601899196493807,-0.009217601229013495,51,195
69,none,45.0,ALL,42,4200,3956,0.2857142857142857,0.05357142857142857,0.014761904761904763,0.01530612244897959,-0.0005442176870748272,-0.0107337526205451,62,225
69,none,60.0,0,5,500,498,0.4,0.034,0.012,0.013600000000000001,-0.0016000000000000007,-0.0487151382292047,6,17
69,none,60.0,1,37,3700,3516,0.2702702702702703,0.022972972972972974,0.005675675675675676,0.00620891161431702,-0.0005332359386413443,-0.02375722073061587,21,85
69,none,60.0,ALL,42,4200,3956,0.2857142857142857,0.024285714285714285,0.0064285714285714285,0.0069387755102040816,-0.0005102040816326531,-0.021531306519679605,27,102
69,none,90.0,0,5,500,498,0.4,0.002,0.0,0.0008,-0.0008,-0.40080160320641284,0,1
69,none,90.0,1,37,3700,3516,0.2702702702702703,0.0037837837837837837,0.001081081081081081,0.0010226442658875091,5.843681519357197e-05,0.015502674211301415,4,14
69,none,90.0,ALL,42,4200,3956,0.2857142857142857,0.0035714285714285713,0.0009523809523809524,0.001020408163265306,-6.802721088435362e-05,-0.019115890083632014,4,15
69,reweighing,30.0,0,5,500,498,0.4,0.142,0.052,0.056799999999999996,-0.004799999999999999,-0.03939722249581401,26,71
69,reweighing,30.0,1,37,3700,3516,0.2702702702702703,0.15,0.04108108108108108,0.04054054054054054,0.000540540540540535,0.004239533651298311,152,555
69,reweighing,30.0,ALL,42,4200,3956,0.2857142857142857,0.14904761904761904,0.04238095238095238,0.04258503401360544,-0.00020408163265305673,-0.0016090651152895208,178,626
69,reweighing,45.0,0,5,500,498,0.4,0.06,0.022,0.024,-0.0020000000000000018,-0.03546099290780147,11,30
69,reweighing,45.0,1,37,3700,3516,0.2702702702702703,0.052702702702702706,0.014324324324324324,0.014243973703433164,8.035062089115953e-05,0.001609422436811836,53,195
69,reweighing,45.0,ALL,42,4200,3956,0.2857142857142857,0.05357142857142857,0.015238095238095238,0.01530612244897959,-6.802721088435167e-05,-0.0013417190775681376,64,225
69,reweighing,60.0,0,5,500,498,0.4,0.034,0.012,0.013600000000000001,-0.0016000000000000007,-0.0487151382292047,6,17
69,reweighing,60.0,1,37,3700,3516,0.2702702702702703,0.022972972972972974,0.005945945945945946,0.00620891161431702,-0.0002629656683710742,-0.011715889675372182,22,85
69,reweighing,60.0,ALL,42,4200,3956,0.2857142857142857,0.024285714285714285,0.006666666666666667,0.0069387755102040816,-0.00027210884353741447,-0.011483363477162445,28,102
69,reweighing,90.0,0,5,500,498,0.4,0.002,0.0,0.0008,-0.0008,-0.40080160320641284,0,1
69,reweighing,90.0,1,37,3700,3516,0.2702702702702703,0.0037837837837837837,0.0008108108108108108,0.0010226442658875091,-0.00021183345507669836,-0.05619719401596776,3,14
69,reweighing,90.0,ALL,42,4200,3956,0.2857142857142857,0.0035714285714285713,0.0007142857142857143,0.001020408163265306,-0.0003061224489795917,-0.08602150537634407,3,15
69,post_processing,30.0,0,5,500,498,0.4,0.142,0.052,0.056799999999999996,-0.004799999999999999,-0.03939722249581401,26,71
69,post_processing,30.0,1,37,3700,3516,0.24324324324324326,0.15,0.03567567567567568,0.03648648648648649,-0.0008108108108108095,-0.006359300476947521,132,555
69,post_processing,30.0,ALL,42,4200,3956,0.2619047619047619,0.14904761904761904,0.03761904761904762,0.03903628117913832,-0.0014172335600907,-0.01117406330062165,158,626
69,post_processing,45.0,0,5,500,498,0.4,0.06,0.022,0.024,-0.0020000000000000018,-0.03546099290780147,11,30
69,post_processing,45.0,1,37,3700,3516,0.24324324324324326,0.052702702702702706,0.012162162162162163,0.012819576333089848,-0.0006574141709276855,-0.013168001755733544,45,195
69,post_processing,45.0,ALL,42,4200,3956,0.2619047619047619,0.05357142857142857,0.013333333333333334,0.01403061224489796,-0.000697278911564625,-0.013752620545073369,56,225
69,post_processing,60.0,0,5,500,498,0.4,0.034,0.012,0.013600000000000001,-0.0016000000000000007,-0.0487151382292047,6,17
69,post_processing,60.0,1,37,3700,3516,0.24324324324324326,0.022972972972972974,0.005405405405405406,0.005588020452885319,-0.00018261504747991292,-0.008136034496786265,20,85
69,post_processing,60.0,ALL,42,4200,3956,0.2619047619047619,0.024285714285714285,0.006190476190476191,0.006360544217687075,-0.00017006802721088437,-0.007177102173226535,26,102
69,post_processing,90.0,0,5,500,498,0.4,0.002,0.0,0.0008,-0.0008,-0.40080160320641284,0,1
69,post_processing,90.0,1,37,3700,3516,0.24324324324324326,0.0037837837837837837,0.0008108108108108108,0.0009203798392987582,-0.00010956902848794747,-0.029067514146190243,3,14
69,post_processing,90.0,ALL,42,4200,3956,0.2619047619047619,0.0035714285714285713,0.0007142857142857143,0.0009353741496598639,-0.00022108843537414964,-0.062126642771804075,3,15
70,none,30.0,0,14,1400,1377,0.2857142857142857,0.13714285714285715,0.04357142857142857,0.03918367346938775,0.00438775510204082,0.037079194260485615,61,192
70,none,30.0,1,28,2800,2669,0.07142857142857142,0.15464285714285714,0.010357142857142856,0.011045918367346938,-0.0006887755102040812,-0.005268750164648436,29,433
70,none,30.0,ALL,42,4200,3934,0.14285714285714285,0.1488095238095238,0.02142857142857143,0.021258503401360544,0.00017006802721088524,0.001342657342657344,90,625
70,none,45.0,0,14,1400,1377,0.2857142857142857,0.04214285714285714,0.015,0.012040816326530611,0.0029591836734693885,0.07330729660384988,21,59
70,none,45.0,1,28,2800,2669,0.07142857142857142,0.0525,0.003928571428571429,0.00375,0.00017857142857142898,0.0035898264318920126,11,147
70,none,45.0,ALL,42,4200,3934,0.14285714285714285,0.04904761904761905,0.007619047619047619,0.007006802721088435,0.0006122448979591841,0.013126485845272762,32,206
70,none,60.0,0,14,1400,1377,0.2857142857142857,0.017857142857142856,0.0064285714285714285,0.00510204081632653,0.0013265306122448983,0.07563636363636361,9,25
70,none,60.0,1,28,2800,2669,0.07142857142857142,0.017142857142857144,0.0014285714285714286,0.0012244897959183673,0.00020408163265306129,0.012112403100775188,4,48
70,none,60.0,ALL,42,4200,3934,0.14285714285714285,0.017380952380952382,0.0030952380952380953,0.0024829931972789117,0.0006122448979591836,0.03584812345031549,13,73
70,none,90.0,0,14,1400,1377,0.2857142857142857,0.002142857142857143,0.0,0.0006122448979591836,-0.0006122448979591836,-0.2863278453829635,0,3
70,none,90.0,1,28,2800,2669,0.07142857142857142,0.0035714285714285713,0.00035714285714285714,0.0002551020408163265,0.00010204081632653064,0.028673835125448036,1,10
70,none,90.0,ALL,42,4200,3934,0.14285714285714285,0.0030952380952380953,0.0002380952380952381,0.0004421768707482993,-0.00020408163265306123,-0.06613878120923739,1,13
70,reweighing,30.0,0,14,1400,1377,0.2857142857142857,0.13714285714285715,0.04357142857142857,0.03918367346938775,0.00438775510204082,0.037079194260485615,61,192
70,reweighing,30.0,1,28,2800,2669,0.07142857142857142,0.15464285714285714,0.010357142857142856,0.011045918367346938,-0.0006887755102040812,-0.005268750164648436,29,433
70,reweighing,30.0,ALL,42,4200,3934,0.14285714285714285,0.1488095238095238,0.02142857142857143,0.021258503401360544,0.00017006802721088524,0.001342657342657344,90,625
70,reweighing,45.0,0,14,1400,1377,0.2857142857142857,0.04214285714285714,0.015,0.012040816326530611,0.0029591836734693885,0.07330729660384988,21,59
70,reweighing,45.0,1,28,2800,2669,0.07142857142857142,0.0525,0.003928571428571429,0.00375,0.00017857142857142898,0.0035898264318920126,11,147
70,reweighing,45.0,ALL,42,4200,3934,0.14285714285714285,0.04904761904761905,0.007619047619047619,0.007006802721088435,0.0006122448979591841,0.013126485845272762,32,206
70,reweighing,60.0,0,14,1400,1377,0.2857142857142857,0.017857142857142856,0.0064285714285714285,0.00510204081632653,0.0013265306122448983,0.07563636363636361,9,25
70,reweighing,60.0,1,28,2800,2669,0.07142857142857142,0.017142857142857144,0.0014285714285714286,0.0012244897959183673,0.00020408163265306129,0.012112403100775188,4,48
70,reweighing,60.0,ALL,42,4200,3934,0.14285714285714285,0.017380952380952382,0.0030952380952380953,0.0024829931972789117,0.0006122448979591836,0.03584812345031549,13,73
70,reweighing,90.0,0,14,1400,1377,0.2857142857142857,0.002142857142857143,0.0,0.0006122448979591836,-0.0006122448979591836,-0.2863278453829635,0,3
70,reweighing,90.0,1,28,2800,2669,0.07142857142857142,0.0035714285714285713,0.00035714285714285714,0.0002551020408163265,0.00010204081632653064,0.028673835125448036,1,10
70,reweighing,90.0,ALL,42,4200,3934,0.14285714285714285,0.0030952380952380953,0.0002380952380952381,0.0004421768707482993,-0.00020408163265306123,-0.06613878120923739,1,13
70,post_processing,30.0,0,14,1400,1377,0.21428571428571427,0.13714285714285715,0.032857142857142856,0.029387755102040815,0.0034693877551020408,0.029318432671081696,46,192
70,post_processing,30.0,1,28,2800,2669,0.14285714285714285,0.15464285714285714,0.019285714285714285,0.022091836734693875,-0.002806122448979591,-0.02146527844856773,54,433
70,post_processing,30.0,ALL,42,4200,3934,0.16666666666666666,0.1488095238095238,0.023809523809523808,0.0248015873015873,-0.000992063492063492,-0.007832167832167836,100,625
70,post_processing,45.0,0,14,1400,1377,0.21428571428571427,0.04214285714285714,0.011428571428571429,0.009030612244897958,0.0023979591836734704,0.05940418862725769,16,59
70,post_processing,45.0,1,28,2800,2669,0.14285714285714285,0.0525,0.007142857142857143,0.0075,-0.0003571428571428571,-0.007179652863784025,20,147
70,post_processing,45.0,ALL,42,4200,3934,0.16666666666666666,0.04904761904761905,0.008571428571428572,0.008174603174603175,0.00039682539682539715,0.008507907492306427,36,206
70,post_processing,60.0,0,14,1400,1377,0.21428571428571427,0.017857142857142856,0.005,0.0038265306122448974,0.0011734693877551027,0.06690909090909095,7,25
70,post_processing,60.0,1,28,2800,2669,0.14285714285714285,0.017142857142857144,0.003928571428571429,0.0024489795918367346,0.0014795918367346943,0.08781492248062014,11,48
70,post_processing,60.0,ALL,42,4200,3934,0.16666666666666666,0.017380952380952382,0.004285714285714286,0.0028968253968253968,0.0013888888888888892,0.08132213190117865,18,73
70,post_processing,90.0,0,14,1400,1377,0.21428571428571427,0.002142857142857143,0.0,0.00045918367346938773,-0.00045918367346938773,-0.2147458840372226,0,3
70,post_processing,90.0,1,28,2800,2669,0.14285714285714285,0.0035714285714285713,0.0014285714285714286,0.000510204081632653,0.0009183673469387756,0.25806451612903225,4,10
70,post_processing,90.0,ALL,42,4200,3934,0.16666666666666666,0.0030952380952380953,0.0009523809523809524,0.0005158730158730158,0.00043650793650793656,0.1414635042530911,4,13
71,none,30.0,0,8,800,785,0.25,0.1425,0.02625,0.035625,-0.009374999999999998,-0.07672241829062451,21,114
71,none,30.0,1,34,3400,3224,0.20588235294117646,0.15088235294117647,0.03058823529411765,0.03106401384083045,-0.00047577854671279965,-0.0037136292218056255,104,513
71,none,30.0,ALL,42,4200,3928,0.21428571428571427,0.1492857142857143,0.02976190476190476,0.03198979591836735,-0.0022278911564625886,-0.017542520525418576,125,627
71,none,45.0,0,8,800,785,0.25,0.06375,0.015,0.0159375,-0.0009375000000000008,-0.015707217466425838,12,51
71,none,45.0,1,34,3400,3224,0.20588235294117646,0.054705882352941174,0.013823529411764707,0.011262975778546711,0.0025605536332179955,0.049514556610527866,47,186
71,none,45.0,ALL,42,4200,3928,0.21428571428571427,0.056428571428571425,0.014047619047619048,0.012091836734693877,0.0019557823129251715,0.03673217770708165,59,237
71,none,60.0,0,8,800,785,0.25,0.03125,0.00375,0.0078125,-0.0040625,-0.1341935483870968,3,25
71,none,60.0,1,34,3400,3224,0.20588235294117646,0.022941176470588236,0.00411764705882353,0.00472318339100346,-0.0006055363321799305,-0.027014927677179335,14,78
71,none,60.0,ALL,42,4200,3928,0.21428571428571427,0.024523809523809524,0.004047619047619047,0.005255102040816326,-0.001207482993197279,-0.05047501013054781,17,103
71,none,90.0,0,8,800,785,0.25,0.00875,0.0,0.0021875,-0.0021875,-0.25220680958385877,0,7
71,none,90.0,1,34,3400,3224,0.20588235294117646,0.003823529411764706,0.000588235294117647,0.00078719723183391,-0.00019896193771626303,-0.05223592468942334,2,13
71,none,90.0,ALL,42,4200,3928,0.21428571428571427,0.004761904761904762,0.0004761904761904762,0.0010204081632653062,-0.00054421768707483,-0.11483253588516745,2,20
71,reweighing,30.0,0,8,800,785,0.25,0.1425,0.02625,0.035625,-0.009374999999999998,-0.07672241829062451,21,114
71,reweighing,30.0,1,34,3400,3224,0.20588235294117646,0.15088235294117647,0.028823529411764706,0.03106401384083045,-0.002240484429065742,-0.017487817608139195,98,513
71,reweighing,30.0,ALL,42,4200,3928,0.21428571428571427,0.1492857142857143,0.028333333333333332,0.03198979591836735,-0.003656462585034017,-0.028791159640954134,119,627
71,reweighing,45.0,0,8,800,785,0.25,0.06375,0.015,0.0159375,-0.0009375000000000008,-0.015707217466425838,12,51
71,reweighing,45.0,1,34,3400,3224,0.20588235294117646,0.054705882352941174,0.012941176470588235,0.011262975778546711,0.0016782006920415243,0.03245210804879192,44,186
71,reweighing,45.0,ALL,42,4200,3928,0.21428571428571427,0.056428571428571425,0.013333333333333334,0.012091836734693877,0.0012414965986394574,0.023316947587973563,56,237
71,reweighing,60.0,0,8,800,785,0.25,0.03125,0.00375,0.0078125,-0.0040625,-0.1341935483870968,3,25
71,reweighing,60.0,1,34,3400,3224,0.20588235294117646,0.022941176470588236,0.00411764705882353,0.00472318339100346,-0.0006055363321799305,-0.027014927677179335,14,78
71,reweighing,60.0,ALL,42,4200,3928,0.21428571428571427,0.024523809523809524,0.004047619047619047,0.005255102040816326,-0.001207482993197279,-0.05047501013054781,17,103
71,reweighing,90.0,0,8,800,785,0.25,0.00875,0.0,0.0021875,-0.0021875,-0.25220680958385877,0,7
71,reweighing,90.0,1,34,3400,3224,0.20588235294117646,0.003823529411764706,0.0008823529411764706,0.00078719723183391,9.515570934256058e-05,0.024982398764506836,3,13
71,reweighing,90.0,ALL,42,4200,3928,0.21428571428571427,0.004761904761904762,0.0007142857142857143,0.0010204081632653062,-0.00030612244897959193,-0.0645933014354067,3,20
71,post_processing,30.0,0,8,800,785,0.25,0.1425,0.02625,0.035625,-0.009374999999999998,-0.07672241829062451,21,114
71,post_processing,30.0,1,34,3400,3224,0.23529411764705882,0.15088235294117647,0.033823529411764704,0.03550173010380623,-0.001678200692041526,-0.013098983073278031,115,513
71,post_processing,30.0,ALL,42,4200,3928,0.23809523809523808,0.1492857142857143,0.03238095238095238,0.03554421768707483,-0.003163265306122452,-0.02490770089868591,136,627
71,post_processing,45.0,0,8,800,785,0.25,0.06375,0.015,0.0159375,-0.0009375000000000008,-0.015707217466425838,12,51
71,post_processing,45.0,1,34,3400,3224,0.23529411764705882,0.054705882352941174,0.015294117647058824,0.012871972318339099,0.0024221453287197256,0.04683809409103984,52,186
71,post_processing,45.0,ALL,42,4200,3928,0.23809523809523808,0.056428571428571425,0.015238095238095238,0.013435374149659863,0.0018027210884353755,0.033857485538701326,64,237
71,post_processing,60.0,0,8,800,785,0.25,0.03125,0.00375,0.0078125,-0.0040625,-0.1341935483870968,3,25
71,post_processing,60.0,1,34,3400,3224,0.23529411764705882,0.022941176470588236,0.004411764705882353,0.005397923875432526,-0.0009861591695501729,-0.04399573935997775,15,78
71,post_processing,60.0,ALL,42,4200,3928,0.23809523809523808,0.024523809523809524,0.004285714285714286,0.005839002267573696,-0.0015532879818594102,-0.06493029472192535,18,103
71,post_processing,90.0,0,8,800,785,0.25,0.00875,0.0,0.0021875,-0.0021875,-0.25220680958385877,0,7
71,post_processing,90.0,1,34,3400,3224,0.23529411764705882,0.003823529411764706,0.0008823529411764706,0.0008996539792387544,-1.7301038062283742e-05,-0.004542254320819422,3,13
71,post_processing,90.0,ALL,42,4200,3928,0.23809523809523808,0.004761904761904762,0.0007142857142857143,0.0011337868480725624,-0.0004195011337868481,-0.08851674641148327,3,20
